CruiseID,Staname,Refdist,Lon,Lat,ZLoNM
d22396,1G,1307.56353281898,NaN,NaN,NaN
d22396,2G,1298.23534273729,NaN,NaN,NaN
d22396,3G,1292.40564942374,NaN,NaN,NaN
d22396,4G,1286.63247366146,NaN,NaN,NaN
d22396,5G,1277.48938666502,NaN,NaN,NaN
d22396,6G,1268.34629966858,NaN,NaN,NaN
d22396,7G,1253.10782134119,NaN,NaN,NaN
d22396,8G,1242.92851781848,NaN,NaN,NaN
d22396,9G,1232.81016820909,NaN,NaN,NaN
d22396,10G,1222.63086468639,NaN,NaN,NaN
d22396,11G,1212.45156116369,NaN,NaN,NaN
d22396,12G,1201.96203319506,NaN,NaN,NaN
d22396,13G,1191.42026780043,-8.00669997930527,56.7841999530792,115
d22396,14G,1180.88503680959,NaN,NaN,115
d22396,T,1170.28889756204,-8.33759999275208,56.8367999792099,115
d22396,15G,1158.92904037627,-8.50359997153282,56.8839999437332,115
d22396,S,1140.21838880631,-8.78200498223305,56.9528229236603,115
d22396,R,1125.95044975225,-8.99619999527931,57.0006999969482,125
d22396,Q,1111.6987638504,-9.21259999275208,57.0537999868393,285
d22396,Q1,1105.04885023617,NaN,NaN,285
d22396,P,1098.40263404158,-9.44389998912811,57.1229999065399,1285
d22396,O,1080.45151912432,-9.68879997730255,57.1405999660492,1255
d22396,N,1057.44863106107,-10.0736719965935,57.2268559932709,1255
d22396,M,1036.09970966971,-10.373299986124,57.3065999746323,1285
d22396,L,1017.51030621173,-10.6541999876499,57.3592998981476,785
d22396,K,1004.98258370098,-10.8630769848824,57.3958059549332,565
d22396,J,990.916114736166,-11.1000999808311,57.4496999979019,565
d22396,I,976.802337560184,-11.3150999844074,57.47369992733,725
d22396,H,963.775388196627,-11.5175999999046,57.4912999868393,1295
d22396,G,944.816112154296,-11.8232999742031,57.4927999973297,1305
d22396,F,920.868130769674,-12.2496999800205,57.5193998813629,1255
d22396,E,897.845843047029,-12.61519998312,57.5301998853683,1075
d22396,D,883.853506421104,-12.867682993412,57.5411379337311,285
d22396,C,875.873120101474,-13.0095999836922,57.549299955368,165
d22396,B,855.933634197848,-13.3369999825954,57.5681999921799,105
d22396,A,837.970828714088,-13.6363999843597,57.567999958992,NaN
d22396,IB1,819.545111972131,NaN,NaN,NaN
d22396,IB1A,793.995224990068,NaN,NaN,NaN
d22396,IB2,768.27939957934,NaN,NaN,NaN
d22396,IB2A,742.273675024082,NaN,NaN,NaN
d22396,IB3,712.789677405983,NaN,NaN,NaN
d22396,IB3A,690.768345901829,NaN,NaN,NaN
d22396,IB4,664.651459068452,NaN,NaN,NaN
d22396,IB4A,648.452785421836,NaN,NaN,NaN
d22396,IB4B,630.449315163777,NaN,NaN,NaN
d22396,IB4C,612.551946037453,NaN,NaN,NaN
d22396,IB5,592.479887802376,NaN,NaN,NaN
d22396,IB6,579.609352138896,NaN,NaN,NaN
d22396,IB7,546.290424805128,NaN,NaN,NaN
d22396,IB8,530.912694869861,NaN,NaN,NaN
d22396,IB9,506.144640528667,NaN,NaN,NaN
d22396,IB10,493.339669117095,NaN,NaN,NaN
d22396,IB11,443.986856105631,NaN,NaN,NaN
d22396,IB11A,417.360064112562,NaN,NaN,NaN
d22396,IB12,382.336595350603,NaN,NaN,NaN
d22396,IB12A,354.556595350603,NaN,NaN,NaN
d22396,IB13,326.776595350603,NaN,NaN,NaN
d22396,IB13A,298.996595350603,NaN,NaN,NaN
d22396,IB14,271.216595350603,NaN,NaN,NaN
d22396,IB15,243.436595350603,NaN,NaN,NaN
d22396,IB16,215.656595350603,NaN,NaN,NaN
d22396,IB16A,187.876595350603,NaN,NaN,NaN
d22396,IB17,160.096595350603,NaN,NaN,NaN
d22396,IB18S,122.104574100478,NaN,NaN,NaN
d22396,IB19S,84.0256998800135,NaN,NaN,NaN
d22396,IB20S,55.6168306566349,NaN,NaN,NaN
d22396,IB21S,25.3751105095541,NaN,NaN,NaN
d22396,IB22S,13.4420441911282,NaN,NaN,NaN
d22396,IB23S,0,NaN,NaN,NaN
d23097,1G,1307.56353281898,NaN,NaN,NaN
d23097,2G,1298.23534273729,NaN,NaN,NaN
d23097,3G,1292.40564942374,NaN,NaN,NaN
d23097,4G,1286.63247366146,NaN,NaN,NaN
d23097,5G,1277.48938666502,NaN,NaN,NaN
d23097,6G,1268.34629966858,NaN,NaN,NaN
d23097,7G,1253.10782134119,NaN,NaN,NaN
d23097,8G,1242.92851781848,NaN,NaN,NaN
d23097,9G,1232.81016820909,NaN,NaN,NaN
d23097,10G,1222.63086468639,NaN,NaN,NaN
d23097,11G,1212.45156116369,NaN,NaN,NaN
d23097,12G,1201.96203319506,NaN,NaN,NaN
d23097,13G,1191.42026780043,NaN,NaN,NaN
d23097,14G,1180.88503680959,NaN,NaN,NaN
d23097,T,1170.28889756204,-8.33305597305298,56.8365139961243,NaN
d23097,15G,1158.92904037627,NaN,NaN,NaN
d23097,S,1140.21838880631,NaN,NaN,NaN
d23097,R,1125.95044975225,-8.98941299319267,56.9977079629898,115
d23097,Q,1111.6987638504,-9.21378898620605,57.0492309331894,295
d23097,Q1,1105.04885023617,NaN,NaN,295
d23097,P,1098.40263404158,-9.4102009832859,57.0963079929352,1255
d23097,O,1080.45151912432,-9.71032199263573,57.1534769535065,1285
d23097,N,1057.44863106107,NaN,NaN,1325
d23097,M,1036.09970966971,-10.3908779919147,57.28708589077,NaN
d23097,L,1017.51030621173,NaN,NaN,NaN
d23097,K,1004.98258370098,NaN,NaN,NaN
d23097,J,990.916114736166,-11.0807219743729,57.4495729207993,585
d23097,I,976.802337560184,NaN,NaN,585
d23097,H,963.775388196627,-11.5302059948444,57.4861339330673,1295
d23097,G,944.816112154296,NaN,NaN,1235
d23097,F,920.868130769674,-12.2694349884987,57.5042868852615,1035
d23097,E,897.845843047029,NaN,NaN,1035
d23097,D,883.853506421104,-12.8714669942856,57.5496439933777,NaN
d23097,C,875.873120101474,NaN,NaN,NaN
d23097,B,855.933634197848,NaN,NaN,NaN
d23097,A,837.970828714088,-13.6134959757328,57.5548129081726,105
d23097,IB1,819.545111972131,-13.946809977293,57.695659995079,145
d23097,IB1A,793.995224990068,NaN,NaN,145
d23097,IB2,768.27939957934,-14.6330309808254,57.9557839632034,435
d23097,IB2A,742.273675024082,NaN,NaN,455
d23097,IB3,712.789677405983,-15.3658589720726,58.2499109506607,NaN
d23097,IB3A,690.768345901829,NaN,NaN,NaN
d23097,IB4,664.651459068452,NaN,NaN,NaN
d23097,IB4A,648.452785421836,-16.1718989610672,58.5595529079437,NaN
d23097,IB4B,630.449315163777,NaN,NaN,NaN
d23097,IB4C,612.551946037453,NaN,NaN,NaN
d23097,IB5,592.479887802376,-17.0062529444695,58.8619709014893,835
d23097,IB6,579.609352138896,-17.2322009801865,58.9486569166183,835
d23097,IB7,546.290424805128,-17.6649809479713,59.1259889602661,985
d23097,IB8,530.912694869861,-17.894436955452,59.2061989307404,1545
d23097,IB9,506.144640528667,-18.2654569745064,59.3407479524612,1885
d23097,IB10,493.339669117095,-18.4211459755898,59.4024239778519,2435
d23097,IB11,443.986856105631,-19.1491529941559,59.672639966011,2695
d23097,IB11A,417.360064112562,NaN,NaN,2705
d23097,IB12,382.336595350603,-20.001188993454,59.9968008995056,NaN
d23097,IB12A,354.556595350603,NaN,NaN,NaN
d23097,IB13,326.776595350603,NaN,NaN,NaN
d23097,IB13A,298.996595350603,NaN,NaN,NaN
d23097,IB14,271.216595350603,NaN,NaN,NaN
d23097,IB15,243.436595350603,-20.0052309632301,61.2896549701691,NaN
d23097,IB16,215.656595350603,NaN,NaN,NaN
d23097,IB16A,187.876595350603,NaN,NaN,NaN
d23097,IB17,160.096595350603,-19.9886709451675,61.9655479192734,NaN
d23097,IB18S,122.104574100478,NaN,NaN,NaN
d23097,IB19S,84.0256998800135,NaN,NaN,NaN
d23097,IB20S,55.6168306566349,NaN,NaN,NaN
d23097,IB21S,25.3751105095541,NaN,NaN,NaN
d23097,IB22S,13.4420441911282,-20.054779946804,63.22583091259,NaN
d23097,IB23S,0,NaN,NaN,NaN
d23398,1G,1307.56353281898,NaN,NaN,NaN
d23398,2G,1298.23534273729,NaN,NaN,NaN
d23398,3G,1292.40564942374,NaN,NaN,NaN
d23398,4G,1286.63247366146,NaN,NaN,NaN
d23398,5G,1277.48938666502,NaN,NaN,NaN
d23398,6G,1268.34629966858,NaN,NaN,NaN
d23398,7G,1253.10782134119,NaN,NaN,NaN
d23398,8G,1242.92851781848,NaN,NaN,NaN
d23398,9G,1232.81016820909,NaN,NaN,NaN
d23398,10G,1222.63086468639,NaN,NaN,NaN
d23398,11G,1212.45156116369,NaN,NaN,NaN
d23398,12G,1201.96203319506,NaN,NaN,NaN
d23398,13G,1191.42026780043,NaN,NaN,NaN
d23398,14G,1180.88503680959,NaN,NaN,NaN
d23398,T,1170.28889756204,NaN,NaN,NaN
d23398,15G,1158.92904037627,NaN,NaN,NaN
d23398,S,1140.21838880631,NaN,NaN,NaN
d23398,R,1125.95044975225,-8.99679997563362,56.997899889946,115
d23398,Q,1111.6987638504,-9.21579998731613,57.052099943161,305
d23398,Q1,1105.04885023617,NaN,NaN,305
d23398,P,1098.40263404158,-9.42329999804497,57.1053999662399,1195
d23398,O,1080.45151912432,-9.69829997420311,57.1516999006271,1265
d23398,N,1057.44863106107,NaN,NaN,1265
d23398,M,1036.09970966971,-10.3852999806404,57.2996999025345,NaN
d23398,L,1017.51030621173,NaN,NaN,NaN
d23398,K,1004.98258370098,NaN,NaN,NaN
d23398,J,990.916114736166,-11.0869999825954,57.4543999433517,585
d23398,I,976.802337560184,NaN,NaN,585
d23398,H,963.775388196627,-11.540099978447,57.4751999378204,1225
d23398,G,944.816112154296,NaN,NaN,1185
d23398,F,920.868130769674,-12.2461999952793,57.5210999250412,1185
d23398,E,897.845843047029,-12.6298999786377,57.5319999456406,1095
d23398,D,883.853506421104,-12.8660999834538,57.5391999483109,NaN
d23398,C,875.873120101474,NaN,NaN,NaN
d23398,B,855.933634197848,NaN,NaN,NaN
d23398,A,837.970828714088,-13.6335999965668,57.5797998905182,NaN
d23398,IB1,819.545111972131,NaN,NaN,NaN
d23398,IB1A,793.995224990068,NaN,NaN,NaN
d23398,IB2,768.27939957934,NaN,NaN,NaN
d23398,IB2A,742.273675024082,NaN,NaN,NaN
d23398,IB3,712.789677405983,NaN,NaN,NaN
d23398,IB3A,690.768345901829,NaN,NaN,NaN
d23398,IB4,664.651459068452,-16.0851999521255,58.5006999969482,NaN
d23398,IB4A,648.452785421836,NaN,NaN,NaN
d23398,IB4B,630.449315163777,NaN,NaN,NaN
d23398,IB4C,612.551946037453,NaN,NaN,NaN
d23398,IB5,592.479887802376,NaN,NaN,NaN
d23398,IB6,579.609352138896,-17.1938999891281,58.9684998989105,835
d23398,IB7,546.290424805128,-17.6400999426842,59.1299999952316,965
d23398,IB8,530.912694869861,NaN,NaN,965
d23398,IB9,506.144640528667,-18.1916999816895,59.3461999893188,1845
d23398,IB10,493.339669117095,-18.3843999505043,59.4335999488831,NaN
d23398,IB11,443.986856105631,NaN,NaN,NaN
d23398,IB11A,417.360064112562,NaN,NaN,NaN
d23398,IB12,382.336595350603,-20.0038999915123,59.9959999322891,825
d23398,IB12A,354.556595350603,NaN,NaN,825
d23398,IB13,326.776595350603,-19.986799955368,60.4962999820709,795
d23398,IB13A,298.996595350603,NaN,NaN,765
d23398,IB14,271.216595350603,-20.002699971199,60.9957998991013,765
d23398,IB15,243.436595350603,NaN,NaN,755
d23398,IB16,215.656595350603,-20.0020999908447,61.4962999820709,755
d23398,IB16A,187.876595350603,NaN,NaN,755
d23398,IB17,160.096595350603,-19.9923999905586,62.0032999515533,NaN
d23398,IB18S,122.104574100478,NaN,NaN,NaN
d23398,IB19S,84.0256998800135,NaN,NaN,NaN
d23398,IB20S,55.6168306566349,NaN,NaN,NaN
d23398,IB21S,25.3751105095541,NaN,NaN,NaN
d23398,IB22S,13.4420441911282,NaN,NaN,NaN
d23398,IB23S,0,NaN,NaN,NaN
d24299,1G,1307.56353281898,NaN,NaN,NaN
d24299,2G,1298.23534273729,NaN,NaN,NaN
d24299,3G,1292.40564942374,NaN,NaN,NaN
d24299,4G,1286.63247366146,NaN,NaN,NaN
d24299,5G,1277.48938666502,NaN,NaN,NaN
d24299,6G,1268.34629966858,NaN,NaN,NaN
d24299,7G,1253.10782134119,NaN,NaN,NaN
d24299,8G,1242.92851781848,NaN,NaN,NaN
d24299,9G,1232.81016820909,NaN,NaN,NaN
d24299,10G,1222.63086468639,NaN,NaN,NaN
d24299,11G,1212.45156116369,NaN,NaN,NaN
d24299,12G,1201.96203319506,NaN,NaN,NaN
d24299,13G,1191.42026780043,-8.02699998021126,56.7787998914719,115
d24299,14G,1180.88503680959,NaN,NaN,115
d24299,T,1170.28889756204,-8.33489999175072,56.8315999507904,105
d24299,15G,1158.92904037627,-8.50969997048378,56.8838999271393,105
d24299,S,1140.21838880631,-8.78379997611046,56.951299905777,105
d24299,R,1125.95044975225,-8.99909999966621,56.9990999698639,115
d24299,Q,1111.6987638504,-9.22629997134209,57.0544999837875,325
d24299,Q1,1105.04885023617,-9.33139997720718,57.0830999612808,765
d24299,P,1098.40263404158,-9.45409998297691,57.1109999418259,1195
d24299,O,1080.45151912432,NaN,NaN,1155
d24299,N,1057.44863106107,-10.0413999855518,57.2304999828339,1155
d24299,M,1036.09970966971,-10.3715999722481,57.2944999933243,1225
d24299,L,1017.51030621173,-10.6543999910355,57.3717999458313,785
d24299,K,1004.98258370098,-10.8447999954224,57.4027999639511,585
d24299,J,990.916114736166,-11.0736999809742,57.4436999559402,585
d24299,I,976.802337560184,-11.3085999786854,57.4661999940872,735
d24299,H,963.775388196627,-11.5351999998093,57.4864999055862,1225
d24299,G,944.816112154296,-11.8205999732018,57.5020999908447,1265
d24299,F,920.868130769674,-12.2579999864101,57.5079998970032,1175
d24299,E,897.845843047029,-12.6362999975681,57.5332999229431,1045
d24299,D,883.853506421104,-12.8672999739647,57.5448999404907,295
d24299,C,875.873120101474,-12.9911999702454,57.5587999820709,165
d24299,B,855.933634197848,-13.3296999931335,57.5645999908447,105
d24299,A,837.970828714088,-13.6314999759197,57.5629999637604,105
d24299,IB1,819.545111972131,-13.9490999877453,57.6924999952316,145
d24299,IB1A,793.995224990068,NaN,NaN,145
d24299,IB2,768.27939957934,-14.6357999742031,57.9597998857498,435
d24299,IB2A,742.273675024082,NaN,NaN,465
d24299,IB3,712.789677405983,-15.369999974966,58.2490999698639,NaN
d24299,IB3A,690.768345901829,NaN,NaN,NaN
d24299,IB4,664.651459068452,NaN,NaN,NaN
d24299,IB4A,648.452785421836,-16.1667999625206,58.5568999052048,NaN
d24299,IB4B,630.449315163777,NaN,NaN,NaN
d24299,IB4C,612.551946037453,NaN,NaN,NaN
d24299,IB5,592.479887802376,-17.0130999684334,58.8517999649048,845
d24299,IB6,579.609352138896,-17.2309999465942,58.9486999511719,845
d24299,IB7,546.290424805128,-17.6520999670029,59.1314998865128,985
d24299,IB8,530.912694869861,-17.8942999839783,59.2065999507904,1545
d24299,IB9,506.144640528667,-18.2684999704361,59.3319998979568,1885
d24299,IB10,493.339669117095,-18.4221999645233,59.408399939537,2435
d24299,IB11,443.986856105631,-19.1413999795914,59.6811999082565,2695
d24299,IB11A,417.360064112562,NaN,NaN,2695
d24299,IB12,382.336595350603,-19.9965999722481,60.0042999982834,NaN
d24299,IB12A,354.556595350603,NaN,NaN,NaN
d24299,IB13,326.776595350603,NaN,NaN,NaN
d24299,IB13A,298.996595350603,NaN,NaN,NaN
d24299,IB14,271.216595350603,NaN,NaN,NaN
d24299,IB15,243.436595350603,-20.0149999856949,61.2809998989105,NaN
d24299,IB16,215.656595350603,NaN,NaN,NaN
d24299,IB16A,187.876595350603,NaN,NaN,NaN
d24299,IB17,160.096595350603,-19.9976999759674,61.9642999172211,NaN
d24299,IB18S,122.104574100478,NaN,NaN,NaN
d24299,IB19S,84.0256998800135,NaN,NaN,NaN
d24299,IB20S,55.6168306566349,NaN,NaN,NaN
d24299,IB21S,25.3751105095541,NaN,NaN,NaN
d24299,IB22S,13.4420441911282,-19.9939999580383,63.2288999557495,NaN
d24299,IB23S,0,NaN,NaN,NaN
d24500,1G,1307.56353281898,NaN,NaN,NaN
d24500,2G,1298.23534273729,NaN,NaN,NaN
d24500,3G,1292.40564942374,NaN,NaN,NaN
d24500,4G,1286.63247366146,NaN,NaN,NaN
d24500,5G,1277.48938666502,NaN,NaN,NaN
d24500,6G,1268.34629966858,NaN,NaN,NaN
d24500,7G,1253.10782134119,-7.0033999979496,56.7348999977112,135
d24500,8G,1242.92851781848,NaN,NaN,135
d24500,9G,1232.81016820909,-7.33009999990463,56.7318999767303,155
d24500,10G,1222.63086468639,-7.50429999828339,56.7324999570847,45
d24500,11G,1212.45156116369,-7.66089999675751,56.733099937439,45
d24500,12G,1201.96203319506,NaN,NaN,45
d24500,13G,1191.42026780043,-8.01869997382164,56.7780998945236,105
d24500,14G,1180.88503680959,NaN,NaN,105
d24500,T,1170.28889756204,-8.33309999108315,56.8357999324799,115
d24500,15G,1158.92904037627,-8.49679997563362,56.8841999769211,115
d24500,S,1140.21838880631,-8.77949997782707,56.9475998878479,115
d24500,R,1125.95044975225,-9.00059998035431,57.0013999938965,125
d24500,Q,1111.6987638504,-9.22179999947548,57.0443999767303,335
d24500,Q1,1105.04885023617,-9.3275999724865,57.0918999910355,715
d24500,P,1098.40263404158,-9.42739999294281,57.1094999313354,1195
d24500,O,1080.45151912432,-9.68429997563362,57.1608999967575,1195
d24500,N,1057.44863106107,-10.0571999847889,57.2254999876022,1275
d24500,M,1036.09970966971,-10.39849999547,57.2990999221802,1305
d24500,L,1017.51030621173,-10.6693999767303,57.3628998994827,775
d24500,K,1004.98258370098,-10.8656999766827,57.4012999534607,585
d24500,J,990.916114736166,-11.054299980402,57.449599981308,585
d24500,I,976.802337560184,-11.3116999864578,57.4699999094009,745
d24500,H,963.775388196627,-11.4987999796867,57.4915999174118,1245
d24500,G,944.816112154296,-11.8412999808788,57.5101999044418,NaN
d24500,F,920.868130769674,NaN,NaN,NaN
d24500,E,897.845843047029,NaN,NaN,NaN
d24500,D,883.853506421104,NaN,NaN,NaN
d24500,C,875.873120101474,-13.0054999887943,57.5463999509811,NaN
d24500,B,855.933634197848,NaN,NaN,NaN
d24500,A,837.970828714088,NaN,NaN,NaN
d24500,IB1,819.545111972131,NaN,NaN,NaN
d24500,IB1A,793.995224990068,NaN,NaN,NaN
d24500,IB2,768.27939957934,NaN,NaN,NaN
d24500,IB2A,742.273675024082,NaN,NaN,NaN
d24500,IB3,712.789677405983,NaN,NaN,NaN
d24500,IB3A,690.768345901829,NaN,NaN,NaN
d24500,IB4,664.651459068452,NaN,NaN,NaN
d24500,IB4A,648.452785421836,NaN,NaN,NaN
d24500,IB4B,630.449315163777,NaN,NaN,NaN
d24500,IB4C,612.551946037453,NaN,NaN,NaN
d24500,IB5,592.479887802376,NaN,NaN,NaN
d24500,IB6,579.609352138896,NaN,NaN,NaN
d24500,IB7,546.290424805128,NaN,NaN,NaN
d24500,IB8,530.912694869861,NaN,NaN,NaN
d24500,IB9,506.144640528667,NaN,NaN,NaN
d24500,IB10,493.339669117095,NaN,NaN,NaN
d24500,IB11,443.986856105631,NaN,NaN,NaN
d24500,IB11A,417.360064112562,NaN,NaN,NaN
d24500,IB12,382.336595350603,NaN,NaN,NaN
d24500,IB12A,354.556595350603,NaN,NaN,NaN
d24500,IB13,326.776595350603,NaN,NaN,NaN
d24500,IB13A,298.996595350603,NaN,NaN,NaN
d24500,IB14,271.216595350603,NaN,NaN,NaN
d24500,IB15,243.436595350603,NaN,NaN,NaN
d24500,IB16,215.656595350603,NaN,NaN,NaN
d24500,IB16A,187.876595350603,NaN,NaN,NaN
d24500,IB17,160.096595350603,NaN,NaN,NaN
d24500,IB18S,122.104574100478,NaN,NaN,NaN
d24500,IB19S,84.0256998800135,NaN,NaN,NaN
d24500,IB20S,55.6168306566349,NaN,NaN,NaN
d24500,IB21S,25.3751105095541,NaN,NaN,NaN
d24500,IB22S,13.4420441911282,NaN,NaN,NaN
d24500,IB23S,0,NaN,NaN,NaN
d25301,1G,1307.56353281898,NaN,NaN,NaN
d25301,2G,1298.23534273729,NaN,NaN,NaN
d25301,3G,1292.40564942374,NaN,NaN,NaN
d25301,4G,1286.63247366146,NaN,NaN,NaN
d25301,5G,1277.48938666502,NaN,NaN,NaN
d25301,6G,1268.34629966858,NaN,NaN,NaN
d25301,7G,1253.10782134119,NaN,NaN,NaN
d25301,8G,1242.92851781848,NaN,NaN,NaN
d25301,9G,1232.81016820909,NaN,NaN,NaN
d25301,10G,1222.63086468639,NaN,NaN,NaN
d25301,11G,1212.45156116369,NaN,NaN,NaN
d25301,12G,1201.96203319506,NaN,NaN,NaN
d25301,13G,1191.42026780043,NaN,NaN,NaN
d25301,14G,1180.88503680959,NaN,NaN,NaN
d25301,T,1170.28889756204,-8.32019999623299,56.8320999145508,105
d25301,15G,1158.92904037627,-8.49619999527931,56.8809999227524,105
d25301,S,1140.21838880631,NaN,NaN,105
d25301,R,1125.95044975225,-8.99209997057915,56.9981999397278,NaN
d25301,Q,1111.6987638504,NaN,NaN,NaN
d25301,Q1,1105.04885023617,NaN,NaN,NaN
d25301,P,1098.40263404158,-9.42099997401237,57.0984998941422,1215
d25301,O,1080.45151912432,-9.69029998779297,57.1500999927521,1215
d25301,N,1057.44863106107,-10.0571999847889,57.229299902916,1225
d25301,M,1036.09970966971,-10.3764999806881,57.2894999980927,1305
d25301,L,1017.51030621173,-10.652999997139,57.3616999387741,785
d25301,K,1004.98258370098,-10.8515999913216,57.4014999866486,585
d25301,J,990.916114736166,-11.0795999765396,57.451299905777,585
d25301,I,976.802337560184,-11.310399979353,57.4723999500275,735
d25301,H,963.775388196627,-11.5318999886513,57.4870998859406,1095
d25301,G,944.816112154296,-11.8484999835491,57.4947999715805,1045
d25301,F,920.868130769674,-12.2440999746323,57.5113999843597,1045
d25301,E,897.845843047029,-12.6240999996662,57.5285999774933,1065
d25301,D,883.853506421104,-12.8625999987125,57.5281999111176,285
d25301,C,875.873120101474,-12.9980999827385,57.5498999357224,155
d25301,B,855.933634197848,-13.3327999711037,57.5673999786377,95
d25301,A,837.970828714088,-13.6343999803066,57.5851999521255,NaN
d25301,IB1,819.545111972131,NaN,NaN,NaN
d25301,IB1A,793.995224990068,NaN,NaN,NaN
d25301,IB2,768.27939957934,NaN,NaN,NaN
d25301,IB2A,742.273675024082,-14.9965999722481,58.0525999069214,NaN
d25301,IB3,712.789677405983,NaN,NaN,NaN
d25301,IB3A,690.768345901829,NaN,NaN,NaN
d25301,IB4,664.651459068452,-16.0004999637604,58.5106999874115,NaN
d25301,IB4A,648.452785421836,NaN,NaN,NaN
d25301,IB4B,630.449315163777,NaN,NaN,NaN
d25301,IB4C,612.551946037453,NaN,NaN,NaN
d25301,IB5,592.479887802376,NaN,NaN,NaN
d25301,IB6,579.609352138896,NaN,NaN,NaN
d25301,IB7,546.290424805128,NaN,NaN,NaN
d25301,IB8,530.912694869861,NaN,NaN,NaN
d25301,IB9,506.144640528667,NaN,NaN,NaN
d25301,IB10,493.339669117095,NaN,NaN,NaN
d25301,IB11,443.986856105631,NaN,NaN,NaN
d25301,IB11A,417.360064112562,NaN,NaN,NaN
d25301,IB12,382.336595350603,NaN,NaN,NaN
d25301,IB12A,354.556595350603,NaN,NaN,NaN
d25301,IB13,326.776595350603,-19.9876999855042,60.4896999597549,815
d25301,IB13A,298.996595350603,NaN,NaN,775
d25301,IB14,271.216595350603,-19.9692999720573,60.9823999404907,775
d25301,IB15,243.436595350603,NaN,NaN,835
d25301,IB16,215.656595350603,-20.0050999522209,61.4973999261856,815
d25301,IB16A,187.876595350603,NaN,NaN,725
d25301,IB17,160.096595350603,-19.9885999560356,61.9937999248505,NaN
d25301,IB18S,122.104574100478,NaN,NaN,NaN
d25301,IB19S,84.0256998800135,NaN,NaN,NaN
d25301,IB20S,55.6168306566349,NaN,NaN,NaN
d25301,IB21S,25.3751105095541,NaN,NaN,NaN
d25301,IB22S,13.4420441911282,-19.99899995327,63.2127999067307,NaN
d25301,IB23S,0,NaN,NaN,NaN
cd17605,1G,1307.56353281898,-6.13416665792465,56.6669999361038,NaN
cd17605,2G,1298.23534273729,-6.2813333272934,56.6844999790192,NaN
cd17605,3G,1292.40564942374,-6.36683332920074,56.7084999084473,65
cd17605,4G,1286.63247366146,-6.44816665351391,56.7339999675751,65
cd17605,5G,1277.48938666502,-6.59799998998642,56.7341666221619,15
cd17605,6G,1268.34629966858,-6.74649998545647,56.7328332662582,15
cd17605,7G,1253.10782134119,-6.99933332204819,56.732999920845,135
cd17605,8G,1242.92851781848,-7.16783332824707,56.7343332767487,155
cd17605,9G,1232.81016820909,-7.33116665482521,56.7339999675751,45
cd17605,10G,1222.63086468639,NaN,NaN,45
cd17605,11G,1212.45156116369,-7.66949999332428,56.7343332767487,45
cd17605,12G,1201.96203319506,NaN,NaN,45
cd17605,13G,1191.42026780043,-7.99983333051205,56.7821666002274,115
cd17605,14G,1180.88503680959,NaN,NaN,115
cd17605,T,1170.28889756204,-8.33416664600372,56.8358333110809,NaN
cd17605,15G,1158.92904037627,NaN,NaN,NaN
cd17605,S,1140.21838880631,NaN,NaN,NaN
cd17605,R,1125.95044975225,-9,56.9983332157135,125
cd17605,Q,1111.6987638504,-9.21516665816307,57.0508332252502,265
cd17605,Q1,1105.04885023617,NaN,NaN,265
cd17605,P,1098.40263404158,-9.41433331370354,57.1001665592194,1235
cd17605,O,1080.45151912432,-9.7031666636467,57.1541665792465,1235
cd17605,N,1057.44863106107,-10.0479999780655,57.231166601181,1225
cd17605,M,1036.09970966971,-10.3811666369438,57.3026666641235,1185
cd17605,L,1017.51030621173,-10.667666643858,57.3671666383743,785
cd17605,K,1004.98258370098,-10.863999992609,57.4003332853317,585
cd17605,J,990.916114736166,-11.0816666483879,57.4498332738876,585
cd17605,I,976.802337560184,-11.3191666603088,57.4669998884201,735
cd17605,H,963.775388196627,-11.5326666533947,57.4833332300186,1085
cd17605,G,944.816112154296,-11.8499999940395,57.4914999008179,1065
cd17605,F,920.868130769674,-12.25,57.5088332891464,1065
cd17605,E,897.845843047029,-12.6204999983311,57.5319999456406,1065
cd17605,D,883.853506421104,-12.8661666512489,57.541833281517,295
cd17605,C,875.873120101474,-12.9973333179951,57.5493332147598,165
cd17605,B,855.933634197848,-13.3329999744892,57.5671665668488,95
cd17605,A,837.970828714088,-13.6329999864101,57.5839999914169,NaN
cd17605,IB1,819.545111972131,NaN,NaN,NaN
cd17605,IB1A,793.995224990068,NaN,NaN,NaN
cd17605,IB2,768.27939957934,NaN,NaN,NaN
cd17605,IB2A,742.273675024082,NaN,NaN,NaN
cd17605,IB3,712.789677405983,NaN,NaN,NaN
cd17605,IB3A,690.768345901829,NaN,NaN,NaN
cd17605,IB4,664.651459068452,NaN,NaN,NaN
cd17605,IB4A,648.452785421836,NaN,NaN,NaN
cd17605,IB4B,630.449315163777,NaN,NaN,NaN
cd17605,IB4C,612.551946037453,NaN,NaN,NaN
cd17605,IB5,592.479887802376,NaN,NaN,NaN
cd17605,IB6,579.609352138896,NaN,NaN,NaN
cd17605,IB7,546.290424805128,NaN,NaN,NaN
cd17605,IB8,530.912694869861,NaN,NaN,NaN
cd17605,IB9,506.144640528667,NaN,NaN,NaN
cd17605,IB10,493.339669117095,NaN,NaN,NaN
cd17605,IB11,443.986856105631,NaN,NaN,NaN
cd17605,IB11A,417.360064112562,NaN,NaN,NaN
cd17605,IB12,382.336595350603,NaN,NaN,NaN
cd17605,IB12A,354.556595350603,NaN,NaN,NaN
cd17605,IB13,326.776595350603,NaN,NaN,NaN
cd17605,IB13A,298.996595350603,NaN,NaN,NaN
cd17605,IB14,271.216595350603,NaN,NaN,NaN
cd17605,IB15,243.436595350603,-20.004166662693,61.2521666288376,775
cd17605,IB16,215.656595350603,-20,61.4996665716171,785
cd17605,IB16A,187.876595350603,NaN,NaN,755
cd17605,IB17,160.096595350603,-20.0029999613762,61.9993332624435,755
cd17605,IB18S,122.104574100478,-19.8314999938011,62.3338332176208,775
cd17605,IB19S,84.0256998800135,-19.6719999909401,62.6679999828339,765
cd17605,IB20S,55.6168306566349,-19.5441666245461,62.9159998893738,595
cd17605,IB21S,25.3751105095541,-19.9171666502953,63.1353332996368,125
cd17605,IB22S,13.4420441911282,NaN,NaN,115
cd17605,IB23S,0,-20.2028332948685,63.3163332939148,NaN
d31206,1G,1307.56353281898,-6.13497799634933,56.6664799451828,15
d31206,2G,1298.23534273729,-6.28160399198532,56.6833899021149,15
d31206,3G,1292.40564942374,-6.36774198710918,56.709969997406,65
d31206,4G,1286.63247366146,-6.45050498843193,56.7327198982239,65
d31206,5G,1277.48938666502,-6.60251499712467,56.7317498922348,35
d31206,6G,1268.34629966858,-6.74684399366379,56.7320098876953,35
d31206,7G,1253.10782134119,-6.99666298925877,56.7354799509048,135
d31206,8G,1242.92851781848,-7.16332699358463,56.7350499629974,145
d31206,9G,1232.81016820909,-7.33133299648762,56.7352199554443,145
d31206,10G,1222.63086468639,-7.5062629878521,56.73088991642,45
d31206,11G,1212.45156116369,-7.67255866527557,56.7390599250793,45
d31206,12G,1201.96203319506,-7.83434098958969,56.7603299617767,45
d31206,13G,1191.42026780043,-7.99688699841499,56.7858799695969,115
d31206,14G,1180.88503680959,-8.16565999388695,56.8137599229813,115
d31206,T,1170.28889756204,-8.34081697463989,56.8397998809814,115
d31206,15G,1158.92904037627,-8.50462332367897,56.8828799724579,115
d31206,S,1140.21838880631,-8.78336897492409,56.9497599601746,115
d31206,R,1125.95044975225,-8.99996331334114,56.9986499547958,125
d31206,Q,1111.6987638504,-9.21966099739075,57.0509198904037,315
d31206,Q1,1105.04885023617,NaN,NaN,315
d31206,P,1098.40263404158,-9.42023298144341,57.0984599590302,1225
d31206,O,1080.45151912432,-9.70106598734856,57.1487098932266,1235
d31206,N,1057.44863106107,-10.0483799874783,57.2333599328995,1275
d31206,M,1036.09970966971,-10.3790199756622,57.3033699989319,1255
d31206,L,1017.51030621173,-10.6673199832439,57.3683298826218,775
d31206,K,1004.98258370098,-10.8687999844551,57.4025099277496,565
d31206,J,990.916114736166,-11.0888799726963,57.4512898921967,565
d31206,I,976.802337560184,-11.3254799842834,57.4653199911118,745
d31206,H,963.775388196627,-11.5264799892902,57.4904799461365,1195
d31206,G,944.816112154296,-11.845929980278,57.4877399206161,1175
d31206,F,920.868130769674,-12.2526299953461,57.5124999284744,1175
d31206,E,897.845843047029,-12.6233299970627,57.5303899049759,1075
d31206,D,883.853506421104,-12.8696599900723,57.5402199029922,285
d31206,C,875.873120101474,-12.993399977684,57.5483499765396,155
d31206,B,855.933634197848,-13.330589979887,57.5695699453354,105
d31206,A,837.970828714088,NaN,NaN,105
d31206,IB1,819.545111972131,-13.9078999757767,57.6642599105835,125
d31206,IB1A,793.995224990068,NaN,NaN,125
d31206,IB2,768.27939957934,-14.5819099843502,57.9485799074173,435
d31206,IB2A,742.273675024082,NaN,NaN,435
d31206,IB3,712.789677405983,-15.3380499780178,58.2628599405289,NaN
d31206,IB3A,690.768345901829,NaN,NaN,NaN
d31206,IB4,664.651459068452,NaN,NaN,NaN
d31206,IB4A,648.452785421836,NaN,NaN,NaN
d31206,IB4B,630.449315163777,NaN,NaN,NaN
d31206,IB4C,612.551946037453,NaN,NaN,NaN
d31206,IB5,592.479887802376,NaN,NaN,NaN
d31206,IB6,579.609352138896,NaN,NaN,NaN
d31206,IB7,546.290424805128,NaN,NaN,NaN
d31206,IB8,530.912694869861,NaN,NaN,NaN
d31206,IB9,506.144640528667,NaN,NaN,NaN
d31206,IB10,493.339669117095,NaN,NaN,NaN
d31206,IB11,443.986856105631,-19.1034399867058,59.6542299985886,2685
d31206,IB11A,417.360064112562,NaN,NaN,2685
d31206,IB12,382.336595350603,-19.9843599796295,59.9953699111938,725
d31206,IB12A,354.556595350603,NaN,NaN,705
d31206,IB13,326.776595350603,-19.9953999519348,60.5010099411011,705
d31206,IB13A,298.996595350603,NaN,NaN,735
d31206,IB14,271.216595350603,-19.9899599552155,61.0038499832153,755
d31206,IB15,243.436595350603,-19.9941599965096,61.25172996521,765
d31206,IB16,215.656595350603,-19.9906399846077,61.5066899061203,765
d31206,IB16A,187.876595350603,NaN,NaN,775
d31206,IB17,160.096595350603,-20.023009955883,62.0018498897552,785
d31206,IB18S,122.104574100478,-19.8378899693489,62.3339599370956,805
d31206,IB19S,84.0256998800135,-19.6855099797249,62.6713299751282,825
d31206,IB20S,55.6168306566349,-19.5373999476433,62.9157499074936,645
d31206,IB21S,25.3751105095541,-19.9127499461174,63.1380399465561,535
d31206,IB22S,13.4420441911282,-20.0614699721336,63.2202199697495,115
d31206,IB23S,0,-20.2183499932289,63.3195199966431,NaN
d32107,1G,1307.56353281898,-6.13049998879433,56.6669999361038,NaN
d32107,2G,1298.23534273729,NaN,NaN,NaN
d32107,3G,1292.40564942374,NaN,NaN,NaN
d32107,4G,1286.63247366146,-6.44716666638851,56.732999920845,55
d32107,5G,1277.48938666502,-6.59899999201298,56.7326666116714,NaN
d32107,6G,1268.34629966858,-6.75116665661335,56.732999920845,NaN
d32107,7G,1253.10782134119,-7.00033332407475,56.7353333234787,NaN
d32107,8G,1242.92851781848,NaN,NaN,NaN
d32107,9G,1232.81016820909,NaN,NaN,NaN
d32107,10G,1222.63086468639,NaN,NaN,NaN
d32107,11G,1212.45156116369,NaN,NaN,NaN
d32107,12G,1201.96203319506,NaN,NaN,NaN
d32107,13G,1191.42026780043,-7.99966666102409,56.7828332185745,105
d32107,14G,1180.88503680959,-8.16616666316986,56.8073332309723,105
d32107,T,1170.28889756204,-8.32983332872391,56.8341666460037,115
d32107,15G,1158.92904037627,-8.49916663765907,56.8806666135788,115
d32107,S,1140.21838880631,-8.78333333134651,56.9494999647141,115
d32107,R,1125.95044975225,-9.00033330917358,57.0001666545868,125
d32107,Q,1111.6987638504,-9.21783331036568,57.0496666431427,335
d32107,Q1,1105.04885023617,NaN,NaN,335
d32107,P,1098.40263404158,-9.41583332419395,57.0983332395554,1205
d32107,O,1080.45151912432,-9.69699999690056,57.1479998826981,1205
d32107,N,1057.44863106107,-10.0486666560173,57.2328332662582,1175
d32107,M,1036.09970966971,-10.380999982357,57.3001666069031,1175
d32107,L,1017.51030621173,-10.6639999747276,57.3676666021347,785
d32107,K,1004.98258370098,-10.8626666665077,57.3993332386017,575
d32107,J,990.916114736166,-11.0893333256245,57.4491666555405,575
d32107,I,976.802337560184,-11.3158333301544,57.4656666517258,735
d32107,H,963.775388196627,-11.5316666662693,57.4831665754318,1205
d32107,G,944.816112154296,-11.8441666662693,57.4899998903275,1135
d32107,F,920.868130769674,-12.2503333091736,57.508333325386,1135
d32107,E,897.845843047029,-12.6321666538715,57.5331666469574,1035
d32107,D,883.853506421104,-12.8711666464806,57.5421665906906,295
d32107,C,875.873120101474,-12.9939999878407,57.5484999418259,165
d32107,B,855.933634197848,-13.3301666378975,57.5666666030884,105
d32107,A,837.970828714088,-13.6371666491032,57.5833332538605,105
d32107,IB1,819.545111972131,-13.896166652441,57.663999915123,135
d32107,IB1A,793.995224990068,NaN,NaN,135
d32107,IB2,768.27939957934,-14.5808333158493,57.950333237648,435
d32107,IB2A,742.273675024082,NaN,NaN,435
d32107,IB3,712.789677405983,-15.3338333070278,58.2513332366943,655
d32107,IB3A,690.768345901829,NaN,NaN,655
d32107,IB4,664.651459068452,-16.0044999718666,58.4983332157135,NaN
d32107,IB4A,648.452785421836,NaN,NaN,NaN
d32107,IB4B,630.449315163777,NaN,NaN,NaN
d32107,IB4C,612.551946037453,NaN,NaN,NaN
d32107,IB5,592.479887802376,-16.9946666359901,58.8809999227524,885
d32107,IB6,579.609352138896,-17.1859999895096,58.9489998817444,885
d32107,IB7,546.290424805128,-17.6741666197777,59.1218333244324,985
d32107,IB8,530.912694869861,-17.8886666297913,59.2033332586288,1545
d32107,IB9,506.144640528667,-18.2236666083336,59.3354998826981,1855
d32107,IB10,493.339669117095,-18.416833281517,59.4018332958221,NaN
d32107,IB11,443.986856105631,NaN,NaN,NaN
d32107,IB11A,417.360064112562,NaN,NaN,NaN
d32107,IB12,382.336595350603,NaN,NaN,NaN
d32107,IB12A,354.556595350603,NaN,NaN,NaN
d32107,IB13,326.776595350603,NaN,NaN,NaN
d32107,IB13A,298.996595350603,NaN,NaN,NaN
d32107,IB14,271.216595350603,NaN,NaN,NaN
d32107,IB15,243.436595350603,NaN,NaN,NaN
d32107,IB16,215.656595350603,-19.999499976635,61.5011665821075,715
d32107,IB16A,187.876595350603,NaN,NaN,795
d32107,IB17,160.096595350603,-19.9903333187103,62.0016666650772,855
d32107,IB18S,122.104574100478,-19.8341666460037,62.3331665992737,855
d32107,IB19S,84.0256998800135,-19.6641666293144,62.6679999828339,775
d32107,IB20S,55.6168306566349,-19.5488333106041,62.9198333024979,595
d32107,IB21S,25.3751105095541,-19.913166642189,63.1369999647141,575
d32107,IB22S,13.4420441911282,-20.0683333277702,63.2158333063126,105
d32107,IB23S,0,-20.217333316803,63.3168332576752,NaN
d34009,1G,1307.56353281898,NaN,NaN,NaN
d34009,2G,1298.23534273729,NaN,NaN,NaN
d34009,3G,1292.40564942374,NaN,NaN,NaN
d34009,4G,1286.63247366146,NaN,NaN,NaN
d34009,5G,1277.48938666502,NaN,NaN,NaN
d34009,6G,1268.34629966858,NaN,NaN,NaN
d34009,7G,1253.10782134119,NaN,NaN,NaN
d34009,8G,1242.92851781848,NaN,NaN,NaN
d34009,9G,1232.81016820909,NaN,NaN,NaN
d34009,10G,1222.63086468639,NaN,NaN,NaN
d34009,11G,1212.45156116369,NaN,NaN,NaN
d34009,12G,1201.96203319506,NaN,NaN,NaN
d34009,13G,1191.42026780043,NaN,NaN,NaN
d34009,14G,1180.88503680959,NaN,NaN,NaN
d34009,T,1170.28889756204,-8.33480998873711,56.8363798856735,105
d34009,15G,1158.92904037627,NaN,NaN,105
d34009,S,1140.21838880631,-8.78337299823761,56.9448999166489,105
d34009,R,1125.95044975225,-8.9969809949398,56.9977399110794,115
d34009,Q,1111.6987638504,-9.21402898430824,57.0519698858261,295
d34009,Q1,1105.04885023617,NaN,NaN,295
d34009,P,1098.40263404158,-9.42926797270775,57.103089928627,1185
d34009,O,1080.45151912432,-9.69726699590683,57.1525799036026,1185
d34009,N,1057.44863106107,-10.051049977541,57.2331999540329,1215
d34009,M,1036.09970966971,-10.3811899721622,57.3023499250412,1245
d34009,L,1017.51030621173,-10.6695699989796,57.3649699687958,775
d34009,K,1004.98258370098,-10.8710899949074,57.3997399806976,585
d34009,J,990.916114736166,-11.0804899930954,57.4489998817444,585
d34009,I,976.802337560184,-11.3239899873734,57.4676998853683,735
d34009,H,963.775388196627,-11.5295899808407,57.4816199541092,1115
d34009,G,944.816112154296,-11.8417499959469,57.5021699666977,1025
d34009,F,920.868130769674,-12.2392699718475,57.5088999271393,1015
d34009,E,897.845843047029,-12.6305359899998,57.5304439067841,1015
d34009,D,883.853506421104,-12.860031992197,57.5379939079285,295
d34009,C,875.873120101474,-12.9931179881096,57.5547409057617,165
d34009,B,855.933634197848,-13.3356619775295,57.56789290905,105
d34009,A,837.970828714088,-13.6340869963169,57.5829689502716,105
d34009,IB1,819.545111972131,-13.9015799760818,57.6675719022751,145
d34009,IB1A,793.995224990068,NaN,NaN,145
d34009,IB2,768.27939957934,-14.581198990345,57.9526579380035,435
d34009,IB2A,742.273675024082,NaN,NaN,435
d34009,IB3,712.789677405983,-15.3276099860668,58.2501479387283,645
d34009,IB3A,690.768345901829,NaN,NaN,645
d34009,IB4,664.651459068452,-15.9998739957809,58.5004678964615,1185
d34009,IB4A,648.452785421836,NaN,NaN,1195
d34009,IB4B,630.449315163777,-16.5013259649277,58.694032907486,1155
d34009,IB4C,612.551946037453,NaN,NaN,1155
d34009,IB5,592.479887802376,-17.0023389458656,58.8827929496765,885
d34009,IB6,579.609352138896,-17.185240983963,58.9497139453888,885
d34009,IB7,546.290424805128,-17.6683629751205,59.1182049512863,985
d34009,IB8,530.912694869861,-17.8845029473305,59.2072979211807,1545
d34009,IB9,506.144640528667,-18.2299579977989,59.3298189640045,1855
d34009,IB10,493.339669117095,-18.4160069823265,59.399218916893,2415
d34009,IB11,443.986856105631,-19.1220799684525,59.6681249141693,2695
d34009,IB11A,417.360064112562,-19.5604509711266,59.8356289863586,2735
d34009,IB12,382.336595350603,-20.0208079814911,60.0175609588623,765
d34009,IB12A,354.556595350603,NaN,NaN,815
d34009,IB13,326.776595350603,-19.9975479841232,60.5087519884109,785
d34009,IB13A,298.996595350603,NaN,NaN,685
d34009,IB14,271.216595350603,-20.0020179748535,60.9978948831558,595
d34009,IB15,243.436595350603,-19.9923709630966,61.249274969101,595
d34009,IB16,215.656595350603,-20.0002829432487,61.4985489845276,675
d34009,IB16A,187.876595350603,NaN,NaN,705
d34009,IB17,160.096595350603,-19.9993869662285,62.0000379085541,735
d34009,IB18S,122.104574100478,-19.8460499644279,62.3322819471359,735
d34009,IB19S,84.0256998800135,-19.6638949513435,62.6650599241257,665
d34009,IB20S,55.6168306566349,-19.5517399907112,62.9132789373398,545
d34009,IB21S,25.3751105095541,-19.9148019552231,63.133514881134,545
d34009,IB22S,13.4420441911282,-20.0765489935875,63.2117059230804,115
d34009,IB23S,0,-20.2177249789238,63.3223559856415,NaN
d35110,1G,1307.56353281898,-6.13579998910427,56.6683999300003,15
d35110,2G,1298.23534273729,-6.28729999065399,56.6842999458313,15
d35110,3G,1292.40564942374,-6.36589999496937,56.7152999639511,65
d35110,4G,1286.63247366146,-6.4476999938488,56.7331999540329,65
d35110,5G,1277.48938666502,-6.60009999573231,56.7326999902725,35
d35110,6G,1268.34629966858,-6.74819999933243,56.7311999797821,35
d35110,7G,1253.10782134119,-7.0004999935627,56.730299949646,115
d35110,8G,1242.92851781848,-7.16639998555183,56.7346999645233,155
d35110,9G,1232.81016820909,-7.33549998700619,56.7354999780655,155
d35110,10G,1222.63086468639,-7.4992999881506,56.729199886322,55
d35110,11G,1212.45156116369,-7.66959999501705,56.7335999011993,45
d35110,12G,1201.96203319506,-7.83729998767376,56.7705999612808,45
d35110,13G,1191.42026780043,-8.00269997119904,56.7837998867035,105
d35110,14G,1180.88503680959,-8.16929998993874,56.8174999952316,105
d35110,T,1170.28889756204,-8.32869997620583,56.8476999998093,105
d35110,15G,1158.92904037627,NaN,NaN,105
d35110,S,1140.21838880631,-8.7800999879837,56.9490998983383,105
d35110,R,1125.95044975225,-8.99609997868538,56.9980999231339,125
d35110,Q,1111.6987638504,-9.2107999920845,57.0506999492645,275
d35110,Q1,1105.04885023617,NaN,NaN,275
d35110,P,1098.40263404158,-9.4055999815464,57.0988999605179,1125
d35110,O,1080.45151912432,-9.69949999451637,57.149099946022,1025
d35110,N,1057.44863106107,-10.0373999774456,57.2335999011993,1025
d35110,M,1036.09970966971,-10.3813999891281,57.2871999740601,1135
d35110,L,1017.51030621173,-10.669899970293,57.3606998920441,765
d35110,K,1004.98258370098,-10.8774999976158,57.3937999010086,585
d35110,J,990.916114736166,-11.0846999883652,57.4518998861313,585
d35110,I,976.802337560184,-11.3258999884129,57.4712998867035,745
d35110,H,963.775388196627,-11.5308999717236,57.4799998998642,1265
d35110,G,944.816112154296,-11.8503999710083,57.4974999427795,1215
d35110,F,920.868130769674,-12.2390999794006,57.5186998844147,1155
d35110,E,897.845843047029,-12.6724999845028,57.5155999660492,1025
d35110,D,883.853506421104,-12.8701999783516,57.5490999221802,285
d35110,C,875.873120101474,-13.0005999803543,57.5512999296188,165
d35110,B,855.933634197848,-13.3377999961376,57.5639998912811,95
d35110,A,837.970828714088,-13.6376999914646,57.5808999538422,95
d35110,IB1,819.545111972131,-13.9011999964714,57.6662999391556,125
d35110,IB1A,793.995224990068,NaN,NaN,125
d35110,IB2,768.27939957934,-14.5835999846458,57.9514999389648,425
d35110,IB2A,742.273675024082,NaN,NaN,425
d35110,IB3,712.789677405983,-15.3247999846935,58.254399895668,655
d35110,IB3A,690.768345901829,NaN,NaN,655
d35110,IB4,664.651459068452,-15.977999985218,58.4991999864578,1185
d35110,IB4A,648.452785421836,NaN,NaN,1185
d35110,IB4B,630.449315163777,-16.4980999827385,58.6983999013901,1135
d35110,IB4C,612.551946037453,NaN,NaN,1135
d35110,IB5,592.479887802376,-17.0170999765396,58.8885999917984,895
d35110,IB6,579.609352138896,-17.1913999915123,58.9478999376297,895
d35110,IB7,546.290424805128,-17.6648999452591,59.1199998855591,985
d35110,IB8,530.912694869861,-17.8885999917984,59.201299905777,1545
d35110,IB9,506.144640528667,-18.2520999908447,59.3337999582291,1885
d35110,IB10,493.339669117095,-18.4192999601364,59.4033999443054,2415
d35110,IB11,443.986856105631,-19.1257999539375,59.6617999076843,2695
d35110,IB11A,417.360064112562,NaN,NaN,2695
d35110,IB12,382.336595350603,-20.0012999773026,60.0005999803543,615
d35110,IB12A,354.556595350603,-19.9983999729156,60.2608999013901,555
d35110,IB13,326.776595350603,-19.9940999746323,60.5028998851776,535
d35110,IB13A,298.996595350603,-20.0018999576569,60.7501999139786,535
d35110,IB14,271.216595350603,-20.0161999464035,60.9994999170303,545
d35110,IB15,243.436595350603,-20.0155999660492,61.2456998825073,585
d35110,IB16,215.656595350603,-20.0158999562263,61.4998999834061,685
d35110,IB16A,187.876595350603,-19.996199965477,61.7535998821259,735
d35110,IB17,160.096595350603,-20.0256999731064,61.9926999807358,735
d35110,IB18S,122.104574100478,-19.845999956131,62.3277999162674,775
d35110,IB19S,84.0256998800135,-19.6891999840736,62.670499920845,705
d35110,IB20S,55.6168306566349,-19.5361999869347,62.9101999998093,535
d35110,IB21S,25.3751105095541,-19.9121999740601,63.1307998895645,535
d35110,IB22S,13.4420441911282,-20.0636999607086,63.2146999835968,105
d35110,IB23S,0,-20.2156999707222,63.316999912262,NaN
d36511,1G,1307.56353281898,-6.14279198646545,56.6661499738693,NaN
d36511,2G,1298.23534273729,-6.28241999447346,56.6878619194031,NaN
d36511,3G,1292.40564942374,-6.36561799049377,56.7201379537582,45
d36511,4G,1286.63247366146,-6.44761298596859,56.7331299781799,65
d36511,5G,1277.48938666502,-6.59542299807072,56.7349739074707,NaN
d36511,6G,1268.34629966858,-6.74609498679638,56.7345099449158,NaN
d36511,7G,1253.10782134119,-6.9958989918232,56.7344789505005,115
d36511,8G,1242.92851781848,-7.1672769933939,56.733598947525,145
d36511,9G,1232.81016820909,-7.33325099945068,56.7352249622345,145
d36511,10G,1222.63086468639,-7.50229299068451,56.7290889024734,NaN
d36511,11G,1212.45156116369,NaN,NaN,NaN
d36511,12G,1201.96203319506,NaN,NaN,NaN
d36511,13G,1191.42026780043,NaN,NaN,NaN
d36511,14G,1180.88503680959,NaN,NaN,NaN
d36511,T,1170.28889756204,NaN,NaN,NaN
d36511,15G,1158.92904037627,NaN,NaN,NaN
d36511,S,1140.21838880631,-8.78012898564339,56.9504508972168,115
d36511,R,1125.95044975225,-8.99015697836876,57.0018849372864,125
d36511,Q,1111.6987638504,-9.21681797504425,57.0523889064789,295
d36511,Q1,1105.04885023617,NaN,NaN,295
d36511,P,1098.40263404158,-9.41872599720955,57.1002999544144,1135
d36511,O,1080.45151912432,-9.7031329870224,57.1556049585342,1035
d36511,N,1057.44863106107,-10.042072981596,57.2404379844666,1035
d36511,M,1036.09970966971,-10.3859329819679,57.2877058982849,1075
d36511,L,1017.51030621173,-10.6765129864216,57.3573509454727,775
d36511,K,1004.98258370098,-10.8724389970303,57.3972519636154,585
d36511,J,990.916114736166,-11.0772249996662,57.4505618810654,585
d36511,I,976.802337560184,-11.3120929896832,57.4680889844894,745
d36511,H,963.775388196627,-11.5455569922924,57.4934289455414,1095
d36511,G,944.816112154296,-11.8495719730854,57.4919339418411,1045
d36511,F,920.868130769674,-12.2395399808884,57.5106419324875,995
d36511,E,897.845843047029,-12.6405889987946,57.5283908843994,995
d36511,D,883.853506421104,-12.869117975235,57.5343179702759,285
d36511,C,875.873120101474,-12.9995219707489,57.5488299131393,165
d36511,B,855.933634197848,-13.3347639739513,57.5658289194107,95
d36511,A,837.970828714088,-13.6324209868908,57.5820019245148,NaN
d36511,IB1,819.545111972131,NaN,NaN,NaN
d36511,IB1A,793.995224990068,NaN,NaN,NaN
d36511,IB2,768.27939957934,-14.5828329920769,57.9477388858795,425
d36511,IB2A,742.273675024082,NaN,NaN,425
d36511,IB3,712.789677405983,-15.3301259875298,58.2517958879471,655
d36511,IB3A,690.768345901829,NaN,NaN,655
d36511,IB4,664.651459068452,-15.9994989931583,58.4986889362335,1185
d36511,IB4A,648.452785421836,NaN,NaN,1185
d36511,IB4B,630.449315163777,-16.4884249567986,58.7008899450302,1145
d36511,IB4C,612.551946037453,NaN,NaN,1145
d36511,IB5,592.479887802376,-17.0028789639473,58.8831208944321,895
d36511,IB6,579.609352138896,NaN,NaN,895
d36511,IB7,546.290424805128,-17.6721759438515,59.1159108877182,985
d36511,IB8,530.912694869861,-17.8860329985619,59.2002739906311,1535
d36511,IB9,506.144640528667,-18.2264269590378,59.3331649303436,1845
d36511,IB10,493.339669117095,-18.4119009971619,59.401281952858,2425
d36511,IB11,443.986856105631,-19.1001029610634,59.6599858999252,2695
d36511,IB11A,417.360064112562,-19.5597809553146,59.8316359519958,2735
d36511,IB12,382.336595350603,-19.9824039936066,59.9927508831024,765
d36511,IB12A,354.556595350603,-19.9982389807701,60.2527788877487,655
d36511,IB13,326.776595350603,-19.9921869635582,60.501846909523,655
d36511,IB13A,298.996595350603,-20.0052619576454,60.7492309808731,715
d36511,IB14,271.216595350603,-20.0026309490204,61.0036379098892,715
d36511,IB15,243.436595350603,-20.0004329681396,61.2488029003143,745
d36511,IB16,215.656595350603,-19.999027967453,61.5003769397736,765
d36511,IB16A,187.876595350603,-20.0143929719925,61.7443279027939,765
d36511,IB17,160.096595350603,-19.9994119405746,61.9986898899078,825
d36511,IB18S,122.104574100478,-19.8565799593925,62.3332089185715,715
d36511,IB19S,84.0256998800135,-19.6744459867477,62.6688919067383,715
d36511,IB20S,55.6168306566349,-19.5584649443626,62.9176199436188,695
d36511,IB21S,25.3751105095541,-19.9151659607887,63.1370749473572,595
d36511,IB22S,13.4420441911282,-20.0771719813347,63.2109179496765,115
d36511,IB23S,0,-20.2181779742241,63.3220629692078,NaN
jc086,1G,1307.56353281898,-6.13327935,56.666664,15
jc086,2G,1298.23534273729,-6.28432246,56.68409254,15
jc086,3G,1292.40564942374,-6.36662695,56.708333,65
jc086,4G,1286.63247366146,NaN,NaN,65
jc086,5G,1277.48938666502,-6.59588154,56.731479,NaN
jc086,6G,1268.34629966858,-6.749969,56.73332056,NaN
jc086,7G,1253.10782134119,-7.00000959,56.733345,115
jc086,8G,1242.92851781848,-7.17177861,56.734367,155
jc086,9G,1232.81016820909,-7.33359625,56.73345938,155
jc086,10G,1222.63086468639,-7.49998735,56.733329,NaN
jc086,11G,1212.45156116369,NaN,NaN,NaN
jc086,12G,1201.96203319506,-7.83433852,56.75942726,NaN
jc086,13G,1191.42026780043,-8.00025576,56.783923,115
jc086,14G,1180.88503680959,-8.16517187,56.80871744,115
jc086,T,1170.28889756204,-8.332501,56.8364832,115
jc086,15G,1158.92904037627,-8.49859136,56.88271564,115
jc086,S,1140.21838880631,-8.78274169,56.94963515,115
jc086,R,1125.95044975225,-8.99998598,56.99998749,115
jc086,Q,1111.6987638504,-9.27164918,57.07003122,335
jc086,Q1,1105.04885023617,-9.30830825,57.078356,665
jc086,P,1098.40263404158,-9.41762263,57.10204837,1155
jc086,O,1080.45151912432,-9.70351475,57.15247975,1155
jc086,N,1057.44863106107,-10.04902819,57.23246719,1165
jc086,M,1036.09970966971,-10.39039674,57.29844487,1205
jc086,L,1017.51030621173,-10.67059784,57.36586384,785
jc086,K,1004.98258370098,-10.86784987,57.399739,575
jc086,J,990.916114736166,-11.08197305,57.449742,575
jc086,I,976.802337560184,-11.31584198,57.47083906,735
jc086,H,963.775388196627,-11.53063065,57.48699424,1025
jc086,G,944.816112154296,-11.84991417,57.49168135,1025
jc086,F,920.868130769674,-12.24997378,57.50823044,1105
jc086,E,897.845843047029,-12.63402672,57.53298528,1095
jc086,D,883.853506421104,-12.86659896,57.541653,285
jc086,C,875.873120101474,-12.99979766,57.55001966,155
jc086,B,855.933634197848,-13.33329862,57.56667338,95
jc086,A,837.970828714088,-13.63441439,57.58365961,95
jc086,IB1,819.545111972131,-13.90001857,57.66626857,125
jc086,IB1A,793.995224990068,NaN,NaN,125
jc086,IB2,768.27939957934,-14.58331757,57.950009,425
jc086,IB2A,742.273675024082,NaN,NaN,425
jc086,IB3,712.789677405983,-15.33383191,58.25030746,655
jc086,IB3A,690.768345901829,NaN,NaN,655
jc086,IB4,664.651459068452,-16.00000767,58.50000067,NaN
jc086,IB4A,648.452785421836,NaN,NaN,NaN
jc086,IB4B,630.449315163777,NaN,NaN,NaN
jc086,IB4C,612.551946037453,NaN,NaN,NaN
jc086,IB5,592.479887802376,-17.00181025,58.88378875,885
jc086,IB6,579.609352138896,-17.18301725,58.95017438,885
jc086,IB7,546.290424805128,-17.66648833,59.11669416,975
jc086,IB8,530.912694869861,-17.88411061,59.20071112,1535
jc086,IB9,506.144640528667,-18.23407842,59.34255172,1885
jc086,IB10,493.339669117095,-18.42358312,59.40529912,2435
jc086,IB11,443.986856105631,-19.11669832,59.66648768,2695
jc086,IB11A,417.360064112562,NaN,NaN,2695
jc086,IB12,382.336595350603,-19.9999511,60.00001667,735
jc086,IB12A,354.556595350603,NaN,NaN,685
jc086,IB13,326.776595350603,-20.00001282,60.49999759,655
jc086,IB13A,298.996595350603,NaN,NaN,585
jc086,IB14,271.216595350603,-19.99946663,61.00071835,585
jc086,IB15,243.436595350603,-20.013453,61.25683319,615
jc086,IB16,215.656595350603,-20.0061958,61.4975698,615
jc086,IB16A,187.876595350603,-19.99970624,61.753842,685
jc086,IB17,160.096595350603,-20.00245461,61.99905239,735
jc086,IB18S,122.104574100478,-19.833304,62.33334676,725
jc086,IB19S,84.0256998800135,-19.6673327,62.667864,705
jc086,IB20S,55.6168306566349,-19.54973915,62.916847,585
jc086,IB21S,25.3751105095541,-19.91727089,63.13413711,495
jc086,IB22S,13.4420441911282,-20.06664692,63.216675,NaN
jc086,IB23S,0,NaN,NaN,NaN
jr302,1G,1307.56353281898,-6.13301,56.66673,NaN
jr302,2G,1298.23534273729,-6.28325,56.68315,NaN
jr302,3G,1292.40564942374,-6.366705,56.70777,65
jr302,4G,1286.63247366146,-6.45009,56.73318,65
jr302,5G,1277.48938666502,-6.59845,56.73285,35
jr302,6G,1268.34629966858,-6.74972,56.73294,35
jr302,7G,1253.10782134119,-7.000585,56.73283,115
jr302,8G,1242.92851781848,-7.16676,56.73308,145
jr302,9G,1232.81016820909,-7.33319,56.7327,145
jr302,10G,1222.63086468639,-7.49942,56.73298,55
jr302,11G,1212.45156116369,-7.66752,56.73232,45
jr302,12G,1201.96203319506,-7.83271,56.75776,45
jr302,13G,1191.42026780043,-8.00005,56.78292,105
jr302,14G,1180.88503680959,-8.16691,56.80801,105
jr302,T,1170.28889756204,-8.333015,56.83708,115
jr302,15G,1158.92904037627,-8.49979,56.88277,115
jr302,S,1140.21838880631,-8.78221,56.94992,115
jr302,R,1125.95044975225,-8.9974725,57.00024,115
jr302,Q,1111.6987638504,-9.216905,57.05042,305
jr302,Q1,1105.04885023617,-9.3170125,57.07507,765
jr302,P,1098.40263404158,-9.417065,57.10007,1235
jr302,O,1080.45151912432,-9.69991,57.14923,1235
jr302,N,1057.44863106107,-10.050765,57.23409,1215
jr302,M,1036.09970966971,-10.38235,57.30025,1205
jr302,L,1017.51030621173,-10.66703,57.367045,775
jr302,K,1004.98258370098,-10.86736,57.40016,585
jr302,J,990.916114736166,-11.08289,57.45009,585
jr302,I,976.802337560184,-11.31714,57.46772,745
jr302,H,963.775388196627,-11.53291,57.4831,1125
jr302,G,944.816112154296,-11.84993,57.49196,1125
jr302,F,920.868130769674,-12.24954,57.50801,1145
jr302,E,897.845843047029,-12.633,57.53266,1035
jr302,D,883.853506421104,-12.866735,57.542,285
jr302,C,875.873120101474,-12.99931,57.55028,155
jr302,B,855.933634197848,-13.33289,57.56692,105
jr302,A,837.970828714088,-13.633355,57.58272,105
jr302,IB1,819.545111972131,-13.8987,57.66714,145
jr302,IB1A,793.995224990068,-14.2498,57.80073,215
jr302,IB2,768.27939957934,-14.599725,57.93387,435
jr302,IB2A,742.273675024082,-14.95954,58.07153,545
jr302,IB3,712.789677405983,-15.335275,58.21595,625
jr302,IB3A,690.768345901829,-15.66608,58.34271,1155
jr302,IB4,664.651459068452,-15.99999,58.46996,1185
jr302,IB4A,648.452785421836,-16.24931,58.56615,1205
jr302,IB4B,630.449315163777,-16.50074,58.66139,1155
jr302,IB4C,612.551946037453,-16.75034,58.75711,1155
jr302,IB5,592.479887802376,-17.00122,58.85296,895
jr302,IB6,579.609352138896,-17.19938,58.92888,895
jr302,IB7,546.290424805128,-17.66638,59.10754,975
jr302,IB8,530.912694869861,-17.88143,59.19075,1455
jr302,IB9,506.144640528667,-18.2343,59.32493,1845
jr302,IB10,493.339669117095,-18.4334,59.40129,2435
jr302,IB11,443.986856105631,NaN,NaN,2445
jr302,IB11A,417.360064112562,-19.49981,59.80898,2735
jr302,IB12,382.336595350603,-20.0028025,60.0001,505
jr302,IB12A,354.556595350603,-19.9999,60.25007,635
jr302,IB13,326.776595350603,-19.99929,60.50039,665
jr302,IB13A,298.996595350603,-19.99979,60.74995,615
jr302,IB14,271.216595350603,-20.069125,61.002645,615
jr302,IB15,243.436595350603,-20.000695,61.2493,715
jr302,IB16,215.656595350603,-19.99975,61.49972,745
jr302,IB16A,187.876595350603,-20.000445,61.75028,745
jr302,IB17,160.096595350603,-19.99982,61.99981,715
jr302,IB18S,122.104574100478,-19.833785,62.33333,715
jr302,IB19S,84.0256998800135,-19.66788,62.66731,755
jr302,IB20S,55.6168306566349,-19.551355,62.91691,525
jr302,IB21S,25.3751105095541,-19.91632,63.13302,525
jr302,IB22S,13.4420441911282,-20.066955,63.21608,105
jr302,IB23S,0,-20.215015,63.316985,NaN
dy031,1G,1307.56353281898,-6.13443527,56.667146,15
dy031,2G,1298.23534273729,-6.283354,56.683338,15
dy031,3G,1292.40564942374,-6.36526522,56.708991,65
dy031,4G,1286.63247366146,-6.44923797,56.73427397,65
dy031,5G,1277.48938666502,-6.59948218,56.733868,35
dy031,6G,1268.34629966858,-6.75077459,56.73350041,35
dy031,7G,1253.10782134119,-7.000954,56.73320229,135
dy031,8G,1242.92851781848,-7.166364,56.73328,155
dy031,9G,1232.81016820909,-7.334205,56.733806,155
dy031,10G,1222.63086468639,-7.499877,56.73316235,55
dy031,11G,1212.45156116369,-7.667064,56.73331004,45
dy031,12G,1201.96203319506,-7.83517475,56.758499,45
dy031,13G,1191.42026780043,-8.00082955,56.78324755,115
dy031,14G,1180.88503680959,-8.166961,56.807794,115
dy031,T,1170.28889756204,-8.3334331,56.8370141,105
dy031,15G,1158.92904037627,-8.49921073,56.88355373,105
dy031,S,1140.21838880631,-8.78224554,56.94956346,105
dy031,R,1125.95044975225,-9.00088,56.99979325,125
dy031,Q,1111.6987638504,-9.289107,57.067034,335
dy031,Q1,1105.04885023617,-9.318376,57.075211,765
dy031,P,1098.40263404158,-9.41734154,57.09978073,1155
dy031,O,1080.45151912432,-9.69952228,57.14952,1155
dy031,N,1057.44863106107,-10.05042846,57.23330346,1165
dy031,M,1036.09970966971,-10.38401893,57.29965,955
dy031,L,1017.51030621173,-10.66570024,57.36720788,775
dy031,K,1004.98258370098,-10.867241,57.399777,585
dy031,J,990.916114736166,-11.083719,57.44953816,585
dy031,I,976.802337560184,-11.31664337,57.46640037,745
dy031,H,963.775388196627,-11.53241602,57.48282699,1135
dy031,G,944.816112154296,-11.8482748,57.491532,1135
dy031,F,920.868130769674,-12.24918004,57.50859781,1135
dy031,E,897.845843047029,-12.63318526,57.533485,1095
dy031,D,883.853506421104,-12.86590179,57.5420837,285
dy031,C,875.873120101474,-12.9979058,57.55089,155
dy031,B,855.933634197848,-13.33209064,57.56741357,105
dy031,A,837.970828714088,-13.63245854,57.58223754,105
dy031,IB1,819.545111972131,-13.89844581,57.66671719,145
dy031,IB1A,793.995224990068,-14.24814112,57.80145412,215
dy031,IB2,768.27939957934,-14.583179,57.95038655,435
dy031,IB2A,742.273675024082,-14.95942672,58.07168681,545
dy031,IB3,712.789677405983,-15.3313237,58.2494293,655
dy031,IB3A,690.768345901829,-15.66535834,58.34335533,1155
dy031,IB4,664.651459068452,-15.999583,58.5007252,1185
dy031,IB4A,648.452785421836,-16.24798745,58.56673848,1205
dy031,IB4B,630.449315163777,-16.5010539,58.66176295,1155
dy031,IB4C,612.551946037453,-16.74885565,58.75651398,1155
dy031,IB5,592.479887802376,-16.99997229,58.88305974,885
dy031,IB6,579.609352138896,-17.18359609,58.94864518,885
dy031,IB7,546.290424805128,-17.66585738,59.11654862,975
dy031,IB8,530.912694869861,-17.88268697,59.20008405,1535
dy031,IB9,506.144640528667,-18.23444143,59.33413352,1865
dy031,IB10,493.339669117095,-18.41631173,59.4011611,2435
dy031,IB11,443.986856105631,-19.11455329,59.66568358,2695
dy031,IB11A,417.360064112562,-19.49623035,59.80581269,2735
dy031,IB12,382.336595350603,-19.99860928,59.99863,675
dy031,IB12A,354.556595350603,-19.99876612,60.24814844,615
dy031,IB13,326.776595350603,-20.00036592,60.49970404,615
dy031,IB13A,298.996595350603,-20.000804,60.750403,675
dy031,IB14,271.216595350603,-20.00038882,60.99992235,675
dy031,IB15,243.436595350603,-20.00023982,61.25108218,715
dy031,IB16,215.656595350603,-19.9999,61.500472,695
dy031,IB16A,187.876595350603,-19.99947338,61.75022754,695
dy031,IB17,160.096595350603,-19.99904896,62.00006193,785
dy031,IB18S,122.104574100478,-19.833022,62.33347964,735
dy031,IB19S,84.0256998800135,-19.66681143,62.66827514,535
dy031,IB20S,55.6168306566349,-19.55219677,62.91763806,535
dy031,IB21S,25.3751105095541,-19.91601749,63.134152,575
dy031,IB22S,13.4420441911282,-20.06761094,63.217095,115
dy031,IB23S,0,-20.214062,63.316047,NaN
dy052,1G,1307.56353281898,-6.13285,56.666974,NaN
dy052,2G,1298.23534273729,-6.282177,56.683275,NaN
dy052,3G,1292.40564942374,-6.364966,56.709477,55
dy052,4G,1286.63247366146,-6.44792814,56.733821,65
dy052,5G,1277.48938666502,-6.59837189,56.733428,15
dy052,6G,1268.34629966858,-6.748677,56.73332956,15
dy052,7G,1253.10782134119,-6.99861349,56.73301149,115
dy052,8G,1242.92851781848,-7.16505438,56.73341746,145
dy052,9G,1232.81016820909,-7.33270995,56.73325147,145
dy052,10G,1222.63086468639,-7.499196,56.734532,55
dy052,11G,1212.45156116369,-7.66889707,56.733637,45
dy052,12G,1201.96203319506,-7.83478078,56.75861761,45
dy052,13G,1191.42026780043,-7.99997993,56.78341607,105
dy052,14G,1180.88503680959,-8.16673581,56.808591,105
dy052,T,1170.28889756204,-8.33357454,56.837827,105
dy052,15G,1158.92904037627,-8.499636,56.883373,105
dy052,S,1140.21838880631,-8.783141,56.95155704,105
dy052,R,1125.95044975225,-8.999702,57.001615,115
dy052,Q,1111.6987638504,-9.21713689,57.05075711,295
dy052,Q1,1105.04885023617,-9.31816252,57.07561048,765
dy052,P,1098.40263404158,-9.41754512,57.099797,1275
dy052,O,1080.45151912432,-9.69826333,57.14892533,1225
dy052,N,1057.44863106107,-10.05355276,57.23303112,1215
dy052,M,1036.09970966971,-10.38598917,57.29893217,1215
dy052,L,1017.51030621173,-10.66762489,57.366669,785
dy052,K,1004.98258370098,-10.86674884,57.39955211,585
dy052,J,990.916114736166,-11.08315951,57.44911249,585
dy052,I,976.802337560184,-11.31775186,57.466605,735
dy052,H,963.775388196627,-11.53439078,57.482354,1175
dy052,G,944.816112154296,-11.85128871,57.4914781,1105
dy052,F,920.868130769674,-12.25306505,57.50804,1105
dy052,E,897.845843047029,-12.635503,57.53127789,1045
dy052,D,883.853506421104,-12.868322,57.541894,285
dy052,C,875.873120101474,-13.00026409,57.54979558,155
dy052,B,855.933634197848,-13.33320768,57.566726,95
dy052,A,837.970828714088,-13.63419426,57.58262837,95
dy052,IB1,819.545111972131,-13.90268152,57.66753383,125
dy052,IB1A,793.995224990068,-14.25072463,57.80049937,215
dy052,IB2,768.27939957934,-14.58245125,57.948948,435
dy052,IB2A,742.273675024082,-14.96139824,58.07143951,545
dy052,IB3,712.789677405983,-15.33358691,58.24949995,655
dy052,IB3A,690.768345901829,-15.665926,58.34182718,1155
dy052,IB4,664.651459068452,-16.00289803,58.499673,1185
dy052,IB4A,648.452785421836,-16.251465,58.565496,1205
dy052,IB4B,630.449315163777,-16.51310468,58.66032578,1155
dy052,IB4C,612.551946037453,-16.75207341,58.756866,1155
dy052,IB5,592.479887802376,-17.00244876,58.883111,885
dy052,IB6,579.609352138896,-17.185174,58.949553,885
dy052,IB7,546.290424805128,-17.66746533,59.11683433,975
dy052,IB8,530.912694869861,-17.88423399,59.20082499,1535
dy052,IB9,506.144640528667,-18.233706,59.33328626,1855
dy052,IB10,493.339669117095,-18.41755111,59.40048489,2425
dy052,IB11,443.986856105631,-19.11703377,59.667014,2695
dy052,IB11A,417.360064112562,-19.500651,59.80881699,2735
dy052,IB12,382.336595350603,-20.00254993,60.00011086,615
dy052,IB12A,354.556595350603,-20.00077485,60.25035585,605
dy052,IB13,326.776595350603,-20.00152266,60.5009035,525
dy052,IB13A,298.996595350603,-19.99983252,60.75008652,525
dy052,IB14,271.216595350603,-20.00175986,61.00046856,575
dy052,IB15,243.436595350603,-20.00287066,61.25113766,675
dy052,IB16,215.656595350603,-20.00144441,61.50089341,635
dy052,IB16A,187.876595350603,-20.00333283,61.75073234,635
dy052,IB17,160.096595350603,-20.002244,62.00031616,755
dy052,IB18S,122.104574100478,-19.83530031,62.33475363,745
dy052,IB19S,84.0256998800135,-19.66827676,62.66809752,695
dy052,IB20S,55.6168306566349,-19.55327981,62.91744281,525
dy052,IB21S,25.3751105095541,-19.91673662,63.13295631,525
dy052,IB22S,13.4420441911282,-20.06902091,63.21549157,115
dy052,IB23S,0,-20.21680707,63.31841693,NaN
dy078,1G,1307.56353281898,-6.132962,56.667642,NaN
dy078,2G,1298.23534273729,-6.28265976,56.683109,NaN
dy078,3G,1292.40564942374,-6.36673663,56.70815237,65
dy078,4G,1286.63247366146,-6.44901752,56.73334562,65
dy078,5G,1277.48938666502,-6.59977379,56.73343874,15
dy078,6G,1268.34629966858,-6.74919898,56.73326802,15
dy078,7G,1253.10782134119,-6.99983617,56.73448641,115
dy078,8G,1242.92851781848,-7.16662154,56.73409346,155
dy078,9G,1232.81016820909,-7.33369016,56.73356228,155
dy078,10G,1222.63086468639,-7.50129821,56.73321895,55
dy078,11G,1212.45156116369,-7.66716481,56.73325619,45
dy078,12G,1201.96203319506,-7.83347738,56.76672781,45
dy078,13G,1191.42026780043,-8.00024994,56.78341772,105
dy078,14G,1180.88503680959,-8.16733608,56.80838492,105
dy078,T,1170.28889756204,-8.33269786,56.837139,105
dy078,15G,1158.92904037627,-8.49975843,56.883329,105
dy078,S,1140.21838880631,-8.78235793,56.95041669,115
dy078,R,1125.95044975225,-9.0013487,57.00111245,115
dy078,Q,1111.6987638504,-9.21691233,57.05025925,295
dy078,Q1,1105.04885023617,-9.31679564,57.07518718,765
dy078,P,1098.40263404158,-9.41701101,57.10129901,1225
dy078,O,1080.45151912432,-9.69942191,57.16503974,1255
dy078,N,1057.44863106107,-10.04918473,57.23323527,1245
dy078,M,1036.09970966971,-10.37276809,57.29529483,1245
dy078,L,1017.51030621173,-10.66205045,57.3645761,775
dy078,K,1004.98258370098,-10.86658397,57.39992234,585
dy078,J,990.916114736166,-11.08258743,57.450069,585
dy078,I,976.802337560184,-11.31623069,57.46761983,745
dy078,H,963.775388196627,-11.53146169,57.48341631,1235
dy078,G,944.816112154296,-11.84365958,57.49469129,1195
dy078,F,920.868130769674,-12.24958179,57.5079317,1145
dy078,E,897.845843047029,-12.62833725,57.53026537,1095
dy078,D,883.853506421104,-12.866949,57.54180787,285
dy078,C,875.873120101474,-13.00003445,57.54978015,155
dy078,B,855.933634197848,-13.33229156,57.56661056,95
dy078,A,837.970828714088,-13.63258846,57.58256146,95
dy078,IB1,819.545111972131,-13.90028106,57.66642306,125
dy078,IB1A,793.995224990068,-14.25029179,57.80085879,215
dy078,IB2,768.27939957934,-14.583398,57.9498918,425
dy078,IB2A,742.273675024082,-14.96174025,58.07175225,545
dy078,IB3,712.789677405983,-15.335577,58.25032022,655
dy078,IB3A,690.768345901829,-15.66645,58.3429545,1155
dy078,IB4,664.651459068452,NaN,NaN,1155
dy078,IB4A,648.452785421836,-16.24971987,58.56527287,1205
dy078,IB4B,630.449315163777,-16.501852,58.66073239,1155
dy078,IB4C,612.551946037453,-16.74927582,58.754657,1155
dy078,IB5,592.479887802376,-17.000363,58.88298921,895
dy078,IB6,579.609352138896,-17.18360054,58.949824,895
dy078,IB7,546.290424805128,-17.66703293,59.11744193,975
dy078,IB8,530.912694869861,-17.88202428,59.20032436,1535
dy078,IB9,506.144640528667,-18.2310468,59.3340268,1855
dy078,IB10,493.339669117095,-18.41516118,59.400298,2425
dy078,IB11,443.986856105631,-19.11662699,59.66700701,2695
dy078,IB11A,417.360064112562,-19.49946688,59.81013263,2735
dy078,IB12,382.336595350603,-19.99973773,60.000177,625
dy078,IB12A,354.556595350603,-19.99131884,60.24921395,565
dy078,IB13,326.776595350603,-19.99955008,60.50164854,565
dy078,IB13A,298.996595350603,-19.99970915,60.7504843,585
dy078,IB14,271.216595350603,-19.99780428,61.00134245,595
dy078,IB15,243.436595350603,-20.000842,61.25195734,635
dy078,IB16,215.656595350603,-19.997696,61.49975284,635
dy078,IB16A,187.876595350603,-19.999409,61.7503275,635
dy078,IB17,160.096595350603,-20.000955,62.00016895,725
dy078,IB18S,122.104574100478,-19.83473142,62.33400658,725
dy078,IB19S,84.0256998800135,NaN,NaN,725
dy078,IB20S,55.6168306566349,-19.551,62.917,595
dy078,IB21S,25.3751105095541,-19.91586171,63.13280429,595
dy078,IB22S,13.4420441911282,-20.06600253,63.21619647,105
dy078,IB23S,0,-20.2178089,63.317771,NaN
