CruiseID,Staname,Refdist,LonGV,LatGV,ZLoNM
d22396,1G+,1302.89943777813,NaN,NaN,NaN
d22396,2G+,1295.32049608051,NaN,NaN,NaN
d22396,3G+,1289.5190615426,NaN,NaN,NaN
d22396,4G+,1282.06093016324,NaN,NaN,NaN
d22396,5G+,1272.9178431668,NaN,NaN,NaN
d22396,6G+,1260.72706050488,NaN,NaN,NaN
d22396,7G+,1248.01816957983,NaN,NaN,NaN
d22396,8G+,1237.86934301379,NaN,NaN,NaN
d22396,9G+,1227.72051644774,NaN,NaN,NaN
d22396,10G+,1217.54121292504,NaN,NaN,NaN
d22396,11G+,1207.20679717937,NaN,NaN,NaN
d22396,12G+,1196.69115049774,NaN,NaN,NaN
d22396,13G+,1186.15265230501,NaN,NaN,115
d22396,14G+,1175.58696718581,NaN,NaN,115
d22396,T+,1164.60896896915,-8.42059998214245,56.8603999614716,115
d22396,15G+,1149.57371459129,-8.64280247688293,56.9184114336967,115
d22396,S+,1133.08441927928,-8.88910248875618,56.9767614603043,120
d22396,R+,1118.82460680132,-9.10439999401569,57.0272499918938,204.999999999999
d22396,Q+,1108.37380704328,NaN,NaN,285
d22396,Q1+,1101.72574213887,NaN,NaN,785
d22396,P+,1089.42707658295,-9.56634998321533,57.1317999362946,1270
d22396,O+,1068.9500750927,-9.88123598694801,57.18372797966,1255
d22396,N+,1046.77417036539,-10.2234859913588,57.2667279839516,1270
d22396,M+,1026.80500794072,-10.513749986887,57.3329499363899,1035
d22396,L+,1011.24644495635,-10.7586384862661,57.3775529265404,675
d22396,K+,997.949349218572,-10.9815884828568,57.4227529764175,565
d22396,J+,983.859226148175,-11.2075999826193,57.461699962616,645
d22396,I+,970.288862878406,-11.416349992156,57.4824999570847,1010
d22396,H+,954.295750175461,-11.6704499870539,57.4920499920845,1300
d22396,G+,932.842121461985,-12.0364999771118,57.5060999393463,1280
d22396,F+,909.356986908352,-12.4324499815702,57.5247998833656,1165
d22396,E+,890.849674734066,-12.741441488266,57.5356689095497,680
d22396,D+,879.863313261289,-12.9386414885521,57.5452189445496,224.999999999999
d22396,C+,865.903377149661,-13.1732999831438,57.558749973774,135
d22396,B+,846.952231455968,-13.4866999834776,57.5680999755859,NaN
d22396,A+,828.757970343109,NaN,NaN,NaN
d22396,IB1+,806.770168481099,NaN,NaN,NaN
d22396,IB1A+,781.137312284704,NaN,NaN,NaN
d22396,IB2+,755.276537301711,NaN,NaN,NaN
d22396,IB2A+,727.531676215033,NaN,NaN,NaN
d22396,IB3+,701.779011653906,NaN,NaN,NaN
d22396,IB3A+,677.70990248514,NaN,NaN,NaN
d22396,IB4+,656.552122245144,NaN,NaN,NaN
d22396,IB4A+,639.451050292806,NaN,NaN,NaN
d22396,IB4B+,621.500630600615,NaN,NaN,NaN
d22396,IB4C+,602.515916919915,NaN,NaN,NaN
d22396,IB5+,586.044619970636,NaN,NaN,NaN
d22396,IB6+,562.949888472012,NaN,NaN,NaN
d22396,IB7+,538.601559837495,NaN,NaN,NaN
d22396,IB8+,518.528667699264,NaN,NaN,NaN
d22396,IB9+,499.742154822881,NaN,NaN,NaN
d22396,IB10+,468.663262611363,NaN,NaN,NaN
d22396,IB11+,430.673460109097,NaN,NaN,NaN
d22396,IB11A+,399.848329731582,NaN,NaN,NaN
d22396,IB12+,368.446595350603,NaN,NaN,NaN
d22396,IB12A+,340.666595350603,NaN,NaN,NaN
d22396,IB13+,312.886595350603,NaN,NaN,NaN
d22396,IB13A+,285.106595350603,NaN,NaN,NaN
d22396,IB14+,257.326595350603,NaN,NaN,NaN
d22396,IB15+,229.546595350603,NaN,NaN,NaN
d22396,IB16+,201.766595350603,NaN,NaN,NaN
d22396,IB16A+,173.986595350603,NaN,NaN,NaN
d22396,IB17+,141.10058472554,NaN,NaN,NaN
d22396,IB18S+,103.065136990246,NaN,NaN,NaN
d22396,IB19S+,69.8212652683242,NaN,NaN,NaN
d22396,IB20S+,40.4959705830945,NaN,NaN,NaN
d22396,IB21S+,19.4085773503411,NaN,NaN,NaN
d22396,IB22S+,6.72102209556408,NaN,NaN,NaN
d23097,1G+,1302.89943777813,NaN,NaN,NaN
d23097,2G+,1295.32049608051,NaN,NaN,NaN
d23097,3G+,1289.5190615426,NaN,NaN,NaN
d23097,4G+,1282.06093016324,NaN,NaN,NaN
d23097,5G+,1272.9178431668,NaN,NaN,NaN
d23097,6G+,1260.72706050488,NaN,NaN,NaN
d23097,7G+,1248.01816957983,NaN,NaN,NaN
d23097,8G+,1237.86934301379,NaN,NaN,NaN
d23097,9G+,1227.72051644774,NaN,NaN,NaN
d23097,10G+,1217.54121292504,NaN,NaN,NaN
d23097,11G+,1207.20679717937,NaN,NaN,NaN
d23097,12G+,1196.69115049774,NaN,NaN,NaN
d23097,13G+,1186.15265230501,NaN,NaN,NaN
d23097,14G+,1175.58696718581,NaN,NaN,NaN
d23097,T+,1164.60896896915,NaN,NaN,NaN
d23097,15G+,1149.57371459129,NaN,NaN,NaN
d23097,S+,1133.08441927928,NaN,NaN,NaN
d23097,R+,1118.82460680132,-9.10160098969936,57.0234694480896,204.999999999999
d23097,Q+,1108.37380704328,NaN,NaN,295
d23097,Q1+,1101.72574213887,NaN,NaN,775
d23097,P+,1089.42707658295,-9.56026148796082,57.1248924732208,1270
d23097,O+,1068.9500750927,NaN,NaN,1305
d23097,N+,1046.77417036539,NaN,NaN,NaN
d23097,M+,1026.80500794072,NaN,NaN,NaN
d23097,L+,1011.24644495635,NaN,NaN,NaN
d23097,K+,997.949349218572,NaN,NaN,NaN
d23097,J+,983.859226148175,NaN,NaN,585
d23097,I+,970.288862878406,NaN,NaN,940
d23097,H+,954.295750175461,NaN,NaN,1265
d23097,G+,932.842121461985,NaN,NaN,1135
d23097,F+,909.356986908352,NaN,NaN,1035
d23097,E+,890.849674734066,NaN,NaN,NaN
d23097,D+,879.863313261289,NaN,NaN,NaN
d23097,C+,865.903377149661,NaN,NaN,NaN
d23097,B+,846.952231455968,NaN,NaN,NaN
d23097,A+,828.757970343109,-13.7801529765129,57.6252364516258,125
d23097,IB1+,806.770168481099,NaN,NaN,145
d23097,IB1A+,781.137312284704,NaN,NaN,290.000000000001
d23097,IB2+,755.276537301711,NaN,NaN,445
d23097,IB2A+,727.531676215033,NaN,NaN,NaN
d23097,IB3+,701.779011653906,NaN,NaN,NaN
d23097,IB3A+,677.70990248514,NaN,NaN,NaN
d23097,IB4+,656.552122245144,NaN,NaN,NaN
d23097,IB4A+,639.451050292806,NaN,NaN,NaN
d23097,IB4B+,621.500630600615,NaN,NaN,NaN
d23097,IB4C+,602.515916919915,NaN,NaN,NaN
d23097,IB5+,586.044619970636,-17.119226962328,58.9053139090538,835
d23097,IB6+,562.949888472012,-17.4485909640789,59.0373229384422,910
d23097,IB7+,538.601559837495,-17.7797089517117,59.1660939455032,1265
d23097,IB8+,518.528667699264,-18.0799469649792,59.2734734416008,1715
d23097,IB9+,499.742154822881,-18.3433014750481,59.3715859651566,2160
d23097,IB10+,468.663262611363,-18.7851494848728,59.5375319719315,2565
d23097,IB11+,430.673460109097,NaN,NaN,2700
d23097,IB11A+,399.848329731582,NaN,NaN,NaN
d23097,IB12+,368.446595350603,NaN,NaN,NaN
d23097,IB12A+,340.666595350603,NaN,NaN,NaN
d23097,IB13+,312.886595350603,NaN,NaN,NaN
d23097,IB13A+,285.106595350603,NaN,NaN,NaN
d23097,IB14+,257.326595350603,NaN,NaN,NaN
d23097,IB15+,229.546595350603,NaN,NaN,NaN
d23097,IB16+,201.766595350603,NaN,NaN,NaN
d23097,IB16A+,173.986595350603,NaN,NaN,NaN
d23097,IB17+,141.10058472554,NaN,NaN,NaN
d23097,IB18S+,103.065136990246,NaN,NaN,NaN
d23097,IB19S+,69.8212652683242,NaN,NaN,NaN
d23097,IB20S+,40.4959705830945,NaN,NaN,NaN
d23097,IB21S+,19.4085773503411,NaN,NaN,NaN
d23097,IB22S+,6.72102209556408,NaN,NaN,NaN
d23398,1G+,1302.89943777813,NaN,NaN,NaN
d23398,2G+,1295.32049608051,NaN,NaN,NaN
d23398,3G+,1289.5190615426,NaN,NaN,NaN
d23398,4G+,1282.06093016324,NaN,NaN,NaN
d23398,5G+,1272.9178431668,NaN,NaN,NaN
d23398,6G+,1260.72706050488,NaN,NaN,NaN
d23398,7G+,1248.01816957983,NaN,NaN,NaN
d23398,8G+,1237.86934301379,NaN,NaN,NaN
d23398,9G+,1227.72051644774,NaN,NaN,NaN
d23398,10G+,1217.54121292504,NaN,NaN,NaN
d23398,11G+,1207.20679717937,NaN,NaN,NaN
d23398,12G+,1196.69115049774,NaN,NaN,NaN
d23398,13G+,1186.15265230501,NaN,NaN,NaN
d23398,14G+,1175.58696718581,NaN,NaN,NaN
d23398,T+,1164.60896896915,NaN,NaN,NaN
d23398,15G+,1149.57371459129,NaN,NaN,NaN
d23398,S+,1133.08441927928,NaN,NaN,NaN
d23398,R+,1118.82460680132,-9.10629998147488,57.0249999165535,209.999999999998
d23398,Q+,1108.37380704328,NaN,NaN,305
d23398,Q1+,1101.72574213887,NaN,NaN,750
d23398,P+,1089.42707658295,-9.56079998612404,57.1285499334335,1230
d23398,O+,1068.9500750927,NaN,NaN,1265
d23398,N+,1046.77417036539,NaN,NaN,NaN
d23398,M+,1026.80500794072,NaN,NaN,NaN
d23398,L+,1011.24644495635,NaN,NaN,NaN
d23398,K+,997.949349218572,NaN,NaN,NaN
d23398,J+,983.859226148175,NaN,NaN,585
d23398,I+,970.288862878406,NaN,NaN,905
d23398,H+,954.295750175461,NaN,NaN,1205
d23398,G+,932.842121461985,NaN,NaN,1185
d23398,F+,909.356986908352,-12.4380499869585,57.5265499353409,1140
d23398,E+,890.849674734066,-12.7479999810457,57.5355999469757,NaN
d23398,D+,879.863313261289,NaN,NaN,NaN
d23398,C+,865.903377149661,NaN,NaN,NaN
d23398,B+,846.952231455968,NaN,NaN,NaN
d23398,A+,828.757970343109,NaN,NaN,NaN
d23398,IB1+,806.770168481099,NaN,NaN,NaN
d23398,IB1A+,781.137312284704,NaN,NaN,NaN
d23398,IB2+,755.276537301711,NaN,NaN,NaN
d23398,IB2A+,727.531676215033,NaN,NaN,NaN
d23398,IB3+,701.779011653906,NaN,NaN,NaN
d23398,IB3A+,677.70990248514,NaN,NaN,NaN
d23398,IB4+,656.552122245144,NaN,NaN,NaN
d23398,IB4A+,639.451050292806,NaN,NaN,NaN
d23398,IB4B+,621.500630600615,NaN,NaN,NaN
d23398,IB4C+,602.515916919915,NaN,NaN,NaN
d23398,IB5+,586.044619970636,NaN,NaN,NaN
d23398,IB6+,562.949888472012,-17.4169999659061,59.0492499470711,900
d23398,IB7+,538.601559837495,NaN,NaN,965
d23398,IB8+,518.528667699264,NaN,NaN,1405
d23398,IB9+,499.742154822881,-18.2880499660969,59.389899969101,NaN
d23398,IB10+,468.663262611363,NaN,NaN,NaN
d23398,IB11+,430.673460109097,NaN,NaN,NaN
d23398,IB11A+,399.848329731582,NaN,NaN,NaN
d23398,IB12+,368.446595350603,NaN,NaN,825
d23398,IB12A+,340.666595350603,NaN,NaN,810
d23398,IB13+,312.886595350603,NaN,NaN,780
d23398,IB13A+,285.106595350603,NaN,NaN,765
d23398,IB14+,257.326595350603,NaN,NaN,760
d23398,IB15+,229.546595350603,NaN,NaN,755
d23398,IB16+,201.766595350603,NaN,NaN,755
d23398,IB16A+,173.986595350603,NaN,NaN,NaN
d23398,IB17+,141.10058472554,NaN,NaN,NaN
d23398,IB18S+,103.065136990246,NaN,NaN,NaN
d23398,IB19S+,69.8212652683242,NaN,NaN,NaN
d23398,IB20S+,40.4959705830945,NaN,NaN,NaN
d23398,IB21S+,19.4085773503411,NaN,NaN,NaN
d23398,IB22S+,6.72102209556408,NaN,NaN,NaN
d24299,1G+,1302.89943777813,NaN,NaN,NaN
d24299,2G+,1295.32049608051,NaN,NaN,NaN
d24299,3G+,1289.5190615426,NaN,NaN,NaN
d24299,4G+,1282.06093016324,NaN,NaN,NaN
d24299,5G+,1272.9178431668,NaN,NaN,NaN
d24299,6G+,1260.72706050488,NaN,NaN,NaN
d24299,7G+,1248.01816957983,NaN,NaN,NaN
d24299,8G+,1237.86934301379,NaN,NaN,NaN
d24299,9G+,1227.72051644774,NaN,NaN,NaN
d24299,10G+,1217.54121292504,NaN,NaN,NaN
d24299,11G+,1207.20679717937,NaN,NaN,NaN
d24299,12G+,1196.69115049774,NaN,NaN,NaN
d24299,13G+,1186.15265230501,NaN,NaN,115
d24299,14G+,1175.58696718581,NaN,NaN,110
d24299,T+,1164.60896896915,-8.42229998111725,56.8577499389648,105
d24299,15G+,1149.57371459129,-8.64674997329712,56.9175999164581,105
d24299,S+,1133.08441927928,-8.89144998788834,56.9751999378204,110
d24299,R+,1118.82460680132,-9.11269998550415,57.0267999768257,219.999999999998
d24299,Q+,1108.37380704328,-9.27884997427464,57.0687999725342,544.999999999992
d24299,Q1+,1101.72574213887,-9.39274998009205,57.0970499515533,980
d24299,P+,1089.42707658295,NaN,NaN,1175
d24299,O+,1068.9500750927,NaN,NaN,1155
d24299,N+,1046.77417036539,-10.2064999789,57.2624999880791,1190
d24299,M+,1026.80500794072,-10.5129999816418,57.3331499695778,1005
d24299,L+,1011.24644495635,-10.7495999932289,57.3872999548912,685
d24299,K+,997.949349218572,-10.9592499881983,57.4232499599457,585
d24299,J+,983.859226148175,-11.1911499798298,57.4549499750137,660
d24299,I+,970.288862878406,-11.4218999892473,57.4763499498367,980
d24299,H+,954.295750175461,-11.6778999865055,57.4942999482155,1245
d24299,G+,932.842121461985,-12.0392999798059,57.505049943924,1220
d24299,F+,909.356986908352,-12.4471499919891,57.5206499099731,1110
d24299,E+,890.849674734066,-12.7517999857664,57.5390999317169,670
d24299,D+,879.863313261289,-12.929249972105,57.5518499612808,229.999999999999
d24299,C+,865.903377149661,-13.1604499816895,57.5616999864578,135
d24299,B+,846.952231455968,-13.4805999845266,57.5637999773026,105
d24299,A+,828.757970343109,-13.7902999818325,57.627749979496,125
d24299,IB1+,806.770168481099,NaN,NaN,145
d24299,IB1A+,781.137312284704,NaN,NaN,290.000000000001
d24299,IB2+,755.276537301711,NaN,NaN,450
d24299,IB2A+,727.531676215033,NaN,NaN,NaN
d24299,IB3+,701.779011653906,NaN,NaN,NaN
d24299,IB3A+,677.70990248514,NaN,NaN,NaN
d24299,IB4+,656.552122245144,NaN,NaN,NaN
d24299,IB4A+,639.451050292806,NaN,NaN,NaN
d24299,IB4B+,621.500630600615,NaN,NaN,NaN
d24299,IB4C+,602.515916919915,NaN,NaN,NaN
d24299,IB5+,586.044619970636,-17.1220499575138,58.9002499580383,845
d24299,IB6+,562.949888472012,-17.4415499567986,59.0400999188423,915
d24299,IB7+,538.601559837495,-17.7731999754906,59.1690499186516,1265
d24299,IB8+,518.528667699264,-18.0813999772072,59.2692999243736,1715
d24299,IB9+,499.742154822881,-18.3453499674797,59.3701999187469,2160
d24299,IB10+,468.663262611363,-18.7817999720573,59.5447999238968,2565
d24299,IB11+,430.673460109097,NaN,NaN,2695
d24299,IB11A+,399.848329731582,NaN,NaN,NaN
d24299,IB12+,368.446595350603,NaN,NaN,NaN
d24299,IB12A+,340.666595350603,NaN,NaN,NaN
d24299,IB13+,312.886595350603,NaN,NaN,NaN
d24299,IB13A+,285.106595350603,NaN,NaN,NaN
d24299,IB14+,257.326595350603,NaN,NaN,NaN
d24299,IB15+,229.546595350603,NaN,NaN,NaN
d24299,IB16+,201.766595350603,NaN,NaN,NaN
d24299,IB16A+,173.986595350603,NaN,NaN,NaN
d24299,IB17+,141.10058472554,NaN,NaN,NaN
d24299,IB18S+,103.065136990246,NaN,NaN,NaN
d24299,IB19S+,69.8212652683242,NaN,NaN,NaN
d24299,IB20S+,40.4959705830945,NaN,NaN,NaN
d24299,IB21S+,19.4085773503411,NaN,NaN,NaN
d24299,IB22S+,6.72102209556408,NaN,NaN,NaN
d24500,1G+,1302.89943777813,NaN,NaN,NaN
d24500,2G+,1295.32049608051,NaN,NaN,NaN
d24500,3G+,1289.5190615426,NaN,NaN,NaN
d24500,4G+,1282.06093016324,NaN,NaN,NaN
d24500,5G+,1272.9178431668,NaN,NaN,NaN
d24500,6G+,1260.72706050488,NaN,NaN,NaN
d24500,7G+,1248.01816957983,NaN,NaN,135
d24500,8G+,1237.86934301379,NaN,NaN,145
d24500,9G+,1227.72051644774,-7.41719999909401,56.7321999669075,99.9999999999988
d24500,10G+,1217.54121292504,-7.58259999752045,56.7327999472618,45
d24500,11G+,1207.20679717937,NaN,NaN,45
d24500,12G+,1196.69115049774,NaN,NaN,74.9999999999993
d24500,13G+,1186.15265230501,NaN,NaN,105
d24500,14G+,1175.58696718581,NaN,NaN,110
d24500,T+,1164.60896896915,-8.41494998335838,56.8599999547005,115
d24500,15G+,1149.57371459129,-8.63814997673035,56.9158999323845,115
d24500,S+,1133.08441927928,-8.89004997909069,56.9744999408722,120
d24500,R+,1118.82460680132,-9.11119998991489,57.0228999853134,229.999999999998
d24500,Q+,1108.37380704328,-9.27469998598099,57.0681499838829,524.999999999994
d24500,Q1+,1101.72574213887,-9.37749998271465,57.1006999611855,955
d24500,P+,1089.42707658295,-9.55584998428822,57.1351999640465,1195
d24500,O+,1068.9500750927,-9.87074998021126,57.1931999921799,1235
d24500,N+,1046.77417036539,-10.2278499901295,57.2622999548912,1290
d24500,M+,1026.80500794072,-10.5339499861002,57.3309999108315,1040
d24500,L+,1011.24644495635,-10.7675499767065,57.3820999264717,680
d24500,K+,997.949349218572,-10.9599999785423,57.4254499673843,585
d24500,J+,983.859226148175,-11.1829999834299,57.4597999453545,665
d24500,I+,970.288862878406,-11.4052499830723,57.4807999134064,995
d24500,H+,954.295750175461,-11.6700499802828,57.5008999109268,NaN
d24500,G+,932.842121461985,NaN,NaN,NaN
d24500,F+,909.356986908352,NaN,NaN,NaN
d24500,E+,890.849674734066,NaN,NaN,NaN
d24500,D+,879.863313261289,NaN,NaN,NaN
d24500,C+,865.903377149661,NaN,NaN,NaN
d24500,B+,846.952231455968,NaN,NaN,NaN
d24500,A+,828.757970343109,NaN,NaN,NaN
d24500,IB1+,806.770168481099,NaN,NaN,NaN
d24500,IB1A+,781.137312284704,NaN,NaN,NaN
d24500,IB2+,755.276537301711,NaN,NaN,NaN
d24500,IB2A+,727.531676215033,NaN,NaN,NaN
d24500,IB3+,701.779011653906,NaN,NaN,NaN
d24500,IB3A+,677.70990248514,NaN,NaN,NaN
d24500,IB4+,656.552122245144,NaN,NaN,NaN
d24500,IB4A+,639.451050292806,NaN,NaN,NaN
d24500,IB4B+,621.500630600615,NaN,NaN,NaN
d24500,IB4C+,602.515916919915,NaN,NaN,NaN
d24500,IB5+,586.044619970636,NaN,NaN,NaN
d24500,IB6+,562.949888472012,NaN,NaN,NaN
d24500,IB7+,538.601559837495,NaN,NaN,NaN
d24500,IB8+,518.528667699264,NaN,NaN,NaN
d24500,IB9+,499.742154822881,NaN,NaN,NaN
d24500,IB10+,468.663262611363,NaN,NaN,NaN
d24500,IB11+,430.673460109097,NaN,NaN,NaN
d24500,IB11A+,399.848329731582,NaN,NaN,NaN
d24500,IB12+,368.446595350603,NaN,NaN,NaN
d24500,IB12A+,340.666595350603,NaN,NaN,NaN
d24500,IB13+,312.886595350603,NaN,NaN,NaN
d24500,IB13A+,285.106595350603,NaN,NaN,NaN
d24500,IB14+,257.326595350603,NaN,NaN,NaN
d24500,IB15+,229.546595350603,NaN,NaN,NaN
d24500,IB16+,201.766595350603,NaN,NaN,NaN
d24500,IB16A+,173.986595350603,NaN,NaN,NaN
d24500,IB17+,141.10058472554,NaN,NaN,NaN
d24500,IB18S+,103.065136990246,NaN,NaN,NaN
d24500,IB19S+,69.8212652683242,NaN,NaN,NaN
d24500,IB20S+,40.4959705830945,NaN,NaN,NaN
d24500,IB21S+,19.4085773503411,NaN,NaN,NaN
d24500,IB22S+,6.72102209556408,NaN,NaN,NaN
d25301,1G+,1302.89943777813,NaN,NaN,NaN
d25301,2G+,1295.32049608051,NaN,NaN,NaN
d25301,3G+,1289.5190615426,NaN,NaN,NaN
d25301,4G+,1282.06093016324,NaN,NaN,NaN
d25301,5G+,1272.9178431668,NaN,NaN,NaN
d25301,6G+,1260.72706050488,NaN,NaN,NaN
d25301,7G+,1248.01816957983,NaN,NaN,NaN
d25301,8G+,1237.86934301379,NaN,NaN,NaN
d25301,9G+,1227.72051644774,NaN,NaN,NaN
d25301,10G+,1217.54121292504,NaN,NaN,NaN
d25301,11G+,1207.20679717937,NaN,NaN,NaN
d25301,12G+,1196.69115049774,NaN,NaN,NaN
d25301,13G+,1186.15265230501,NaN,NaN,NaN
d25301,14G+,1175.58696718581,-8.32019999623299,56.8320999145508,NaN
d25301,T+,1164.60896896915,-8.40819999575615,56.8565499186516,NaN
d25301,15G+,1149.57371459129,-8.74414998292923,56.9395999312401,NaN
d25301,S+,1133.08441927928,-8.99209997057915,56.9981999397278,NaN
d25301,R+,1118.82460680132,-8.99209997057915,56.9981999397278,NaN
d25301,Q+,1108.37380704328,-9.20654997229576,57.048349916935,125
d25301,Q1+,1101.72574213887,-9.42099997401237,57.0984998941422,670
d25301,P+,1089.42707658295,-9.55564998090267,57.1242999434471,1215
d25301,O+,1068.9500750927,-9.87374998629093,57.189699947834,1220
d25301,N+,1046.77417036539,-10.2168499827385,57.2593999505043,1265
d25301,M+,1026.80500794072,-10.5147499889135,57.3255999684334,1045
d25301,L+,1011.24644495635,-10.7522999942303,57.3815999627113,685
d25301,K+,997.949349218572,-10.9655999839306,57.4263999462128,585
d25301,J+,983.859226148175,-11.1949999779463,57.4618499279022,660
d25301,I+,970.288862878406,-11.4211499840021,57.479749917984,915
d25301,H+,954.295750175461,-11.6901999861002,57.4909499287605,1070
d25301,G+,932.842121461985,-12.0462999790907,57.5030999779701,1045
d25301,F+,909.356986908352,-12.4340999871492,57.5199999809265,1055
d25301,E+,890.849674734066,-12.7433499991894,57.5283999443054,675
d25301,D+,879.863313261289,-12.9303499907255,57.53904992342,219.999999999999
d25301,C+,865.903377149661,-13.1654499769211,57.55864995718,125
d25301,B+,846.952231455968,-13.4835999757051,57.5762999653816,95
d25301,A+,828.757970343109,-13.7912499755621,57.564649939537,115
d25301,IB1+,806.770168481099,-14.2218999713659,57.6783999204636,175
d25301,IB1A+,781.137312284704,NaN,NaN,280
d25301,IB2+,755.276537301711,NaN,NaN,445
d25301,IB2A+,727.531676215033,-15.2488499730825,58.1710999011993,550
d25301,IB3+,701.779011653906,-15.501099973917,58.2895998954773,755.000000000001
d25301,IB3A+,677.70990248514,-15.7507999688387,58.4001499414444,NaN
d25301,IB4+,656.552122245144,NaN,NaN,NaN
d25301,IB4A+,639.451050292806,NaN,NaN,NaN
d25301,IB4B+,621.500630600615,-16.5051999688148,58.7309999465942,NaN
d25301,IB4C+,602.515916919915,-16.7415499687195,58.8446999192238,985
d25301,IB5+,586.044619970636,-16.9778999686241,58.9583998918533,830
d25301,IB6+,562.949888472012,-17.2330499589443,59.0639998912811,NaN
d25301,IB7+,538.601559837495,NaN,NaN,NaN
d25301,IB8+,518.528667699264,NaN,NaN,NaN
d25301,IB9+,499.742154822881,NaN,NaN,NaN
d25301,IB10+,468.663262611363,NaN,NaN,2460
d25301,IB11+,430.673460109097,NaN,NaN,NaN
d25301,IB11A+,399.848329731582,NaN,NaN,NaN
d25301,IB12+,368.446595350603,NaN,NaN,NaN
d25301,IB12A+,340.666595350603,NaN,NaN,NaN
d25301,IB13+,312.886595350603,NaN,NaN,795
d25301,IB13A+,285.106595350603,NaN,NaN,775
d25301,IB14+,257.326595350603,NaN,NaN,805
d25301,IB15+,229.546595350603,NaN,NaN,825
d25301,IB16+,201.766595350603,NaN,NaN,770
d25301,IB16A+,173.986595350603,NaN,NaN,NaN
d25301,IB17+,141.10058472554,NaN,NaN,NaN
d25301,IB18S+,103.065136990246,NaN,NaN,NaN
d25301,IB19S+,69.8212652683242,NaN,NaN,NaN
d25301,IB20S+,40.4959705830945,NaN,NaN,NaN
d25301,IB21S+,19.4085773503411,-19.99899995327,63.2127999067307,NaN
d25301,IB22S+,6.72102209556408,NaN,NaN,NaN
cd17605,1G+,1302.89943777813,-6.20774999260902,56.6757499575615,NaN
cd17605,2G+,1295.32049608051,-6.32408332824707,56.6964999437332,NaN
cd17605,3G+,1289.5190615426,-6.40749999135733,56.7212499380112,65
cd17605,4G+,1282.06093016324,-6.52308332175016,56.7340832948685,40.0000000000006
cd17605,5G+,1272.9178431668,-6.67224998772144,56.7334999442101,15
cd17605,6G+,1260.72706050488,-6.87291665375233,56.7329165935516,75
cd17605,7G+,1248.01816957983,-7.08358332514763,56.7336665987968,145
cd17605,8G+,1237.86934301379,-7.24949999153614,56.7341666221619,99.9999999999988
cd17605,9G+,1227.72051644774,NaN,NaN,45
cd17605,10G+,1217.54121292504,NaN,NaN,45
cd17605,11G+,1207.20679717937,NaN,NaN,45
cd17605,12G+,1196.69115049774,NaN,NaN,79.9999999999992
cd17605,13G+,1186.15265230501,NaN,NaN,115
cd17605,14G+,1175.58696718581,NaN,NaN,NaN
cd17605,T+,1164.60896896915,NaN,NaN,NaN
cd17605,15G+,1149.57371459129,NaN,NaN,NaN
cd17605,S+,1133.08441927928,NaN,NaN,NaN
cd17605,R+,1118.82460680132,-9.10758332908154,57.0245832204819,194.999999999999
cd17605,Q+,1108.37380704328,NaN,NaN,265
cd17605,Q1+,1101.72574213887,NaN,NaN,750
cd17605,P+,1089.42707658295,-9.55874998867512,57.1271665692329,1235
cd17605,O+,1068.9500750927,-9.87558332085609,57.1926665902138,1230
cd17605,N+,1046.77417036539,-10.2145833075047,57.2669166326523,1205
cd17605,M+,1026.80500794072,-10.5244166404009,57.3349166512489,985
cd17605,L+,1011.24644495635,-10.7658333182335,57.383749961853,685
cd17605,K+,997.949349218572,-10.9728333204985,57.4250832796097,585
cd17605,J+,983.859226148175,-11.2004166543484,57.4584165811539,660
cd17605,I+,970.288862878406,-11.4259166568518,57.4751665592194,910
cd17605,H+,954.295750175461,-11.6913333237171,57.4874165654182,1075
cd17605,G+,932.842121461985,-12.0499999970198,57.5001665949821,1065
cd17605,F+,909.356986908352,-12.4352499991655,57.5204166173935,1065
cd17605,E+,890.849674734066,-12.74333332479,57.5369166135788,680
cd17605,D+,879.863313261289,-12.931749984622,57.5455832481384,229.999999999999
cd17605,C+,865.903377149661,-13.1651666462421,57.5582498908043,130
cd17605,B+,846.952231455968,-13.4829999804497,57.5755832791328,NaN
cd17605,A+,828.757970343109,NaN,NaN,NaN
cd17605,IB1+,806.770168481099,NaN,NaN,NaN
cd17605,IB1A+,781.137312284704,NaN,NaN,NaN
cd17605,IB2+,755.276537301711,NaN,NaN,NaN
cd17605,IB2A+,727.531676215033,NaN,NaN,NaN
cd17605,IB3+,701.779011653906,NaN,NaN,NaN
cd17605,IB3A+,677.70990248514,NaN,NaN,NaN
cd17605,IB4+,656.552122245144,NaN,NaN,NaN
cd17605,IB4A+,639.451050292806,NaN,NaN,NaN
cd17605,IB4B+,621.500630600615,NaN,NaN,NaN
cd17605,IB4C+,602.515916919915,NaN,NaN,NaN
cd17605,IB5+,586.044619970636,NaN,NaN,NaN
cd17605,IB6+,562.949888472012,NaN,NaN,NaN
cd17605,IB7+,538.601559837495,NaN,NaN,NaN
cd17605,IB8+,518.528667699264,NaN,NaN,NaN
cd17605,IB9+,499.742154822881,NaN,NaN,NaN
cd17605,IB10+,468.663262611363,NaN,NaN,NaN
cd17605,IB11+,430.673460109097,NaN,NaN,NaN
cd17605,IB11A+,399.848329731582,NaN,NaN,NaN
cd17605,IB12+,368.446595350603,NaN,NaN,NaN
cd17605,IB12A+,340.666595350603,NaN,NaN,NaN
cd17605,IB13+,312.886595350603,NaN,NaN,NaN
cd17605,IB13A+,285.106595350603,NaN,NaN,NaN
cd17605,IB14+,257.326595350603,NaN,NaN,NaN
cd17605,IB15+,229.546595350603,-20.0020833313465,61.3759166002274,780
cd17605,IB16+,201.766595350603,NaN,NaN,770
cd17605,IB16A+,173.986595350603,NaN,NaN,755
cd17605,IB17+,141.10058472554,-19.9172499775887,62.1665832400322,765
cd17605,IB18S+,103.065136990246,-19.7517499923706,62.5009166002274,770
cd17605,IB19S+,69.8212652683242,-19.6080833077431,62.7919999361038,680
cd17605,IB20S+,40.4959705830945,-19.7306666374207,63.0256665945053,360
cd17605,IB21S+,19.4085773503411,NaN,NaN,120
cd17605,IB22S+,6.72102209556408,NaN,NaN,NaN
d31206,1G+,1302.89943777813,-6.20829099416733,56.6749349236488,15
d31206,2G+,1295.32049608051,-6.32467298954725,56.6966799497604,40
d31206,3G+,1289.5190615426,-6.40912348777056,56.7213449478149,65
d31206,4G+,1282.06093016324,-6.5265099927783,56.7322348952293,50.0000000000004
d31206,5G+,1272.9178431668,-6.67467949539423,56.7318798899651,35
d31206,6G+,1260.72706050488,-6.87175349146128,56.7337449193001,85
d31206,7G+,1248.01816957983,-7.0799949914217,56.7352649569511,140
d31206,8G+,1237.86934301379,-7.24732999503613,56.7351349592209,145
d31206,9G+,1227.72051644774,-7.41879799216986,56.7330549359322,94.9999999999989
d31206,10G+,1217.54121292504,-7.58941082656384,56.7349749207497,45
d31206,11G+,1207.20679717937,-7.75344982743263,56.749694943428,45
d31206,12G+,1196.69115049774,-7.91561399400234,56.7731049656868,79.9999999999992
d31206,13G+,1186.15265230501,-8.08127349615097,56.7998199462891,115
d31206,14G+,1175.58696718581,-8.25323848426342,56.8267799019814,115
d31206,T+,1164.60896896915,-8.42272014915943,56.8613399267197,115
d31206,15G+,1149.57371459129,-8.64399614930153,56.9163199663162,115
d31206,S+,1133.08441927928,-8.89166614413261,56.9742049574852,120
d31206,R+,1118.82460680132,-9.10981215536594,57.0247849225998,219.999999999998
d31206,Q+,1108.37380704328,NaN,NaN,315
d31206,Q1+,1101.72574213887,NaN,NaN,770
d31206,P+,1089.42707658295,-9.56064948439598,57.1235849261284,1230
d31206,O+,1068.9500750927,-9.87472298741341,57.191034913063,1255
d31206,N+,1046.77417036539,-10.2136999815702,57.2683649659157,1265
d31206,M+,1026.80500794072,-10.5231699794531,57.3358499407768,1015
d31206,L+,1011.24644495635,-10.7680599838495,57.3854199051857,670
d31206,K+,997.949349218572,-10.9788399785757,57.4268999099731,565
d31206,J+,983.859226148175,-11.2071799784899,57.4583049416542,655
d31206,I+,970.288862878406,-11.4259799867868,57.4778999686241,970
d31206,H+,954.295750175461,-11.6862049847841,57.4891099333763,1185
d31206,G+,932.842121461985,-12.049279987812,57.5001199245453,1175
d31206,F+,909.356986908352,-12.4379799962044,57.5214449167252,1125
d31206,E+,890.849674734066,-12.7464949935675,57.5353049039841,680
d31206,D+,879.863313261289,-12.9315299838781,57.5442849397659,219.999999999999
d31206,C+,865.903377149661,-13.1619949787855,57.5589599609375,130
d31206,B+,846.952231455968,NaN,NaN,105
d31206,A+,828.757970343109,NaN,NaN,115
d31206,IB1+,806.770168481099,NaN,NaN,125
d31206,IB1A+,781.137312284704,NaN,NaN,280.000000000001
d31206,IB2+,755.276537301711,NaN,NaN,435
d31206,IB2A+,727.531676215033,NaN,NaN,NaN
d31206,IB3+,701.779011653906,NaN,NaN,NaN
d31206,IB3A+,677.70990248514,NaN,NaN,NaN
d31206,IB4+,656.552122245144,NaN,NaN,NaN
d31206,IB4A+,639.451050292806,NaN,NaN,NaN
d31206,IB4B+,621.500630600615,NaN,NaN,NaN
d31206,IB4C+,602.515916919915,NaN,NaN,NaN
d31206,IB5+,586.044619970636,NaN,NaN,NaN
d31206,IB6+,562.949888472012,NaN,NaN,NaN
d31206,IB7+,538.601559837495,NaN,NaN,NaN
d31206,IB8+,518.528667699264,NaN,NaN,NaN
d31206,IB9+,499.742154822881,NaN,NaN,NaN
d31206,IB10+,468.663262611363,NaN,NaN,NaN
d31206,IB11+,430.673460109097,NaN,NaN,2685
d31206,IB11A+,399.848329731582,NaN,NaN,1705
d31206,IB12+,368.446595350603,NaN,NaN,715
d31206,IB12A+,340.666595350603,NaN,NaN,705
d31206,IB13+,312.886595350603,NaN,NaN,720
d31206,IB13A+,285.106595350603,NaN,NaN,745
d31206,IB14+,257.326595350603,-19.9920599758625,61.1277899742126,760
d31206,IB15+,229.546595350603,-19.9923999905586,61.3792099356651,765
d31206,IB16+,201.766595350603,NaN,NaN,770
d31206,IB16A+,173.986595350603,NaN,NaN,780
d31206,IB17+,141.10058472554,-19.930449962616,62.1679049134254,795
d31206,IB18S+,103.065136990246,-19.7616999745369,62.5026449561119,815
d31206,IB19S+,69.8212652683242,-19.6114549636841,62.7935399413109,735
d31206,IB20S+,40.4959705830945,-19.7250749468803,63.0268949270248,590
d31206,IB21S+,19.4085773503411,-19.9871099591255,63.1791299581528,325
d31206,IB22S+,6.72102209556408,-20.1399099826813,63.2698699831963,NaN
d32107,1G+,1302.89943777813,NaN,NaN,NaN
d32107,2G+,1295.32049608051,NaN,NaN,NaN
d32107,3G+,1289.5190615426,NaN,NaN,NaN
d32107,4G+,1282.06093016324,-6.52308332920074,56.7328332662582,NaN
d32107,5G+,1272.9178431668,-6.67508332431316,56.7328332662582,NaN
d32107,6G+,1260.72706050488,-6.87574999034405,56.7341666221619,NaN
d32107,7G+,1248.01816957983,NaN,NaN,NaN
d32107,8G+,1237.86934301379,NaN,NaN,NaN
d32107,9G+,1227.72051644774,NaN,NaN,NaN
d32107,10G+,1217.54121292504,NaN,NaN,NaN
d32107,11G+,1207.20679717937,NaN,NaN,NaN
d32107,12G+,1196.69115049774,NaN,NaN,NaN
d32107,13G+,1186.15265230501,-8.08291666209698,56.7950832247734,105
d32107,14G+,1175.58696718581,-8.24799999594688,56.820749938488,110
d32107,T+,1164.60896896915,-8.41449998319149,56.8574166297913,115
d32107,15G+,1149.57371459129,-8.64124998450279,56.9150832891464,115
d32107,S+,1133.08441927928,-8.89183332026005,56.9748333096504,120
d32107,R+,1118.82460680132,-9.10908330976963,57.0249166488647,229.999999999998
d32107,Q+,1108.37380704328,NaN,NaN,335
d32107,Q1+,1101.72574213887,NaN,NaN,770
d32107,P+,1089.42707658295,-9.55641666054726,57.1231665611267,1205
d32107,O+,1068.9500750927,-9.87283332645893,57.1904165744781,1190
d32107,N+,1046.77417036539,-10.2148333191872,57.2664999365807,1175
d32107,M+,1026.80500794072,-10.5224999785423,57.3339166045189,980
d32107,L+,1011.24644495635,-10.7633333206177,57.3834999203682,680
d32107,K+,997.949349218572,-10.9759999960661,57.4242499470711,575
d32107,J+,983.859226148175,-11.2025833278894,57.4574166536331,655
d32107,I+,970.288862878406,-11.4237499982119,57.4744166135788,970
d32107,H+,954.295750175461,-11.6879166662693,57.4865832328796,1170
d32107,G+,932.842121461985,-12.0472499877214,57.4991666078568,1135
d32107,F+,909.356986908352,-12.4412499815226,57.5207499861717,1085
d32107,E+,890.849674734066,-12.751666650176,57.537666618824,665
d32107,D+,879.863313261289,-12.9325833171606,57.5453332662582,229.999999999999
d32107,C+,865.903377149661,-13.1620833128691,57.5575832724571,135
d32107,B+,846.952231455968,-13.4836666435003,57.5749999284744,105
d32107,A+,828.757970343109,-13.7666666507721,57.6236665844917,120
d32107,IB1+,806.770168481099,NaN,NaN,135
d32107,IB1A+,781.137312284704,NaN,NaN,285.000000000001
d32107,IB2+,755.276537301711,NaN,NaN,435
d32107,IB2A+,727.531676215033,NaN,NaN,545
d32107,IB3+,701.779011653906,NaN,NaN,655
d32107,IB3A+,677.70990248514,NaN,NaN,NaN
d32107,IB4+,656.552122245144,NaN,NaN,NaN
d32107,IB4A+,639.451050292806,NaN,NaN,NaN
d32107,IB4B+,621.500630600615,NaN,NaN,NaN
d32107,IB4C+,602.515916919915,NaN,NaN,NaN
d32107,IB5+,586.044619970636,-17.0903333127499,58.9149999022484,885
d32107,IB6+,562.949888472012,-17.4300833046436,59.0354166030884,935
d32107,IB7+,538.601559837495,-17.7814166247845,59.1625832915306,1265
d32107,IB8+,518.528667699264,-18.0561666190624,59.2694165706635,1700
d32107,IB9+,499.742154822881,-18.3202499449253,59.3686665892601,NaN
d32107,IB10+,468.663262611363,NaN,NaN,NaN
d32107,IB11+,430.673460109097,NaN,NaN,NaN
d32107,IB11A+,399.848329731582,NaN,NaN,NaN
d32107,IB12+,368.446595350603,NaN,NaN,NaN
d32107,IB12A+,340.666595350603,NaN,NaN,NaN
d32107,IB13+,312.886595350603,NaN,NaN,NaN
d32107,IB13A+,285.106595350603,NaN,NaN,NaN
d32107,IB14+,257.326595350603,NaN,NaN,NaN
d32107,IB15+,229.546595350603,NaN,NaN,NaN
d32107,IB16+,201.766595350603,NaN,NaN,755
d32107,IB16A+,173.986595350603,NaN,NaN,825
d32107,IB17+,141.10058472554,-19.912249982357,62.1674166321754,855
d32107,IB18S+,103.065136990246,-19.7491666376591,62.5005832910538,815
d32107,IB19S+,69.8212652683242,-19.6064999699593,62.7939166426659,685
d32107,IB20S+,40.4959705830945,-19.7309999763966,63.028416633606,585
d32107,IB21S+,19.4085773503411,-19.9907499849796,63.1764166355133,340
d32107,IB22S+,6.72102209556408,-20.1428333222866,63.2663332819939,NaN
d34009,1G+,1302.89943777813,NaN,NaN,NaN
d34009,2G+,1295.32049608051,NaN,NaN,NaN
d34009,3G+,1289.5190615426,NaN,NaN,NaN
d34009,4G+,1282.06093016324,NaN,NaN,NaN
d34009,5G+,1272.9178431668,NaN,NaN,NaN
d34009,6G+,1260.72706050488,NaN,NaN,NaN
d34009,7G+,1248.01816957983,NaN,NaN,NaN
d34009,8G+,1237.86934301379,NaN,NaN,NaN
d34009,9G+,1227.72051644774,NaN,NaN,NaN
d34009,10G+,1217.54121292504,NaN,NaN,NaN
d34009,11G+,1207.20679717937,NaN,NaN,NaN
d34009,12G+,1196.69115049774,NaN,NaN,NaN
d34009,13G+,1186.15265230501,NaN,NaN,NaN
d34009,14G+,1175.58696718581,NaN,NaN,NaN
d34009,T+,1164.60896896915,NaN,NaN,105
d34009,15G+,1149.57371459129,NaN,NaN,105
d34009,S+,1133.08441927928,-8.89017699658871,56.9713199138641,110
d34009,R+,1118.82460680132,-9.10550498962402,57.0248548984528,204.999999999999
d34009,Q+,1108.37380704328,NaN,NaN,295
d34009,Q1+,1101.72574213887,NaN,NaN,740
d34009,P+,1089.42707658295,-9.56326748430729,57.1278349161148,1185
d34009,O+,1068.9500750927,-9.8741584867239,57.1928899288177,1200
d34009,N+,1046.77417036539,-10.2161199748516,57.267774939537,1230
d34009,M+,1026.80500794072,-10.5253799855709,57.3336599469185,1010
d34009,L+,1011.24644495635,-10.7703299969435,57.3823549747467,680
d34009,K+,997.949349218572,-10.9757899940014,57.424369931221,585
d34009,J+,983.859226148175,-11.2022399902344,57.4583498835564,660
d34009,I+,970.288862878406,-11.426789984107,57.4746599197388,925
d34009,H+,954.295750175461,-11.6856699883938,57.4918949604034,1070
d34009,G+,932.842121461985,-12.0405099838972,57.5055349469185,1020
d34009,F+,909.356986908352,-12.4349029809237,57.5196719169617,1015
d34009,E+,890.849674734066,-12.7452839910984,57.5342189073563,655
d34009,D+,879.863313261289,-12.9265749901533,57.5463674068451,229.999999999999
d34009,C+,865.903377149661,-13.1643899828196,57.5613169074059,135
d34009,B+,846.952231455968,-13.4848744869232,57.5754309296608,105
d34009,A+,828.757970343109,-13.7678334861994,57.6252704262733,125
d34009,IB1+,806.770168481099,NaN,NaN,145
d34009,IB1A+,781.137312284704,NaN,NaN,290.000000000001
d34009,IB2+,755.276537301711,NaN,NaN,435
d34009,IB2A+,727.531676215033,NaN,NaN,540
d34009,IB3+,701.779011653906,NaN,NaN,645
d34009,IB3A+,677.70990248514,NaN,NaN,915
d34009,IB4+,656.552122245144,NaN,NaN,1190
d34009,IB4A+,639.451050292806,NaN,NaN,1175
d34009,IB4B+,621.500630600615,NaN,NaN,1155
d34009,IB4C+,602.515916919915,NaN,NaN,1020
d34009,IB5+,586.044619970636,-17.0937899649143,58.9162534475327,885
d34009,IB6+,562.949888472012,-17.4268019795418,59.0339594483376,935
d34009,IB7+,538.601559837495,-17.7764329612255,59.1627514362335,1265
d34009,IB8+,518.528667699264,-18.0572304725647,59.2685584425926,1700
d34009,IB9+,499.742154822881,-18.3229824900627,59.3645189404488,2135
d34009,IB10+,468.663262611363,-18.7690434753895,59.5336719155312,2555
d34009,IB11+,430.673460109097,-19.3412654697895,59.751876950264,2715
d34009,IB11A+,399.848329731582,-19.7906294763088,59.9265949726105,1750
d34009,IB12+,368.446595350603,NaN,NaN,790
d34009,IB12A+,340.666595350603,NaN,NaN,800
d34009,IB13+,312.886595350603,NaN,NaN,735
d34009,IB13A+,285.106595350603,NaN,NaN,640
d34009,IB14+,257.326595350603,-19.9971944689751,61.1235849261284,595
d34009,IB15+,229.546595350603,-19.9963269531727,61.3739119768143,635
d34009,IB16+,201.766595350603,NaN,NaN,690
d34009,IB16A+,173.986595350603,NaN,NaN,720
d34009,IB17+,141.10058472554,-19.9227184653282,62.166159927845,735
d34009,IB18S+,103.065136990246,-19.7549724578857,62.4986709356308,700
d34009,IB19S+,69.8212652683242,-19.6078174710274,62.7891694307327,605
d34009,IB20S+,40.4959705830945,-19.7332709729671,63.0233969092369,545
d34009,IB21S+,19.4085773503411,-19.9956754744053,63.1726104021072,330
d34009,IB22S+,6.72102209556408,-20.1471369862556,63.267030954361,NaN
d35110,1G+,1302.89943777813,-6.21154998987913,56.6763499379158,15
d35110,2G+,1295.32049608051,-6.32659999281168,56.6997999548912,40
d35110,3G+,1289.5190615426,-6.40679999440908,56.724249958992,65
d35110,4G+,1282.06093016324,-6.52389999479055,56.7329499721527,50.0000000000004
d35110,5G+,1272.9178431668,-6.67414999753237,56.7319499850273,35
d35110,6G+,1260.72706050488,-6.87434999644756,56.7307499647141,75
d35110,7G+,1248.01816957983,-7.08344998955727,56.7324999570847,135
d35110,8G+,1237.86934301379,-7.25094998627901,56.7350999712944,155
d35110,9G+,1227.72051644774,-7.41739998757839,56.7323499321938,104.999999999999
d35110,10G+,1217.54121292504,-7.58444999158382,56.7313998937607,50
d35110,11G+,1207.20679717937,-7.75344999134541,56.7520999312401,45
d35110,12G+,1196.69115049774,-7.9199999794364,56.7771999239922,74.9999999999993
d35110,13G+,1186.15265230501,-8.08599998056889,56.8006499409676,105
d35110,14G+,1175.58696718581,-8.24899998307228,56.8325999975204,105
d35110,T+,1164.60896896915,NaN,NaN,105
d35110,15G+,1149.57371459129,NaN,NaN,105
d35110,S+,1133.08441927928,-8.88809998333454,56.9735999107361,115
d35110,R+,1118.82460680132,-9.10344998538494,57.0243999361992,199.999999999999
d35110,Q+,1108.37380704328,NaN,NaN,275
d35110,Q1+,1101.72574213887,NaN,NaN,700
d35110,P+,1089.42707658295,-9.55254998803139,57.12399995327,1075
d35110,O+,1068.9500750927,-9.86844998598099,57.1913499236107,1025
d35110,N+,1046.77417036539,-10.2093999832869,57.2603999376297,1080
d35110,M+,1026.80500794072,-10.5256499797106,57.3239499330521,950
d35110,L+,1011.24644495635,-10.7736999839544,57.3772498965263,675
d35110,K+,997.949349218572,-10.9810999929905,57.4228498935699,585
d35110,J+,983.859226148175,-11.205299988389,57.4615998864174,665
d35110,I+,970.288862878406,-11.4283999800682,57.4756498932838,1005
d35110,H+,954.295750175461,-11.6906499713659,57.4887499213219,1240
d35110,G+,932.842121461985,-12.0447499752045,57.5080999135971,1185
d35110,F+,909.356986908352,-12.4557999819517,57.5171499252319,1090
d35110,E+,890.849674734066,-12.7713499814272,57.5323499441147,655
d35110,D+,879.863313261289,-12.935399979353,57.5501999258995,224.999999999999
d35110,C+,865.903377149661,-13.169199988246,57.55764991045,130
d35110,B+,846.952231455968,-13.4877499938011,57.5724499225616,95
d35110,A+,828.757970343109,-13.769449993968,57.6235999464989,110
d35110,IB1+,806.770168481099,NaN,NaN,125
d35110,IB1A+,781.137312284704,NaN,NaN,275.000000000001
d35110,IB2+,755.276537301711,NaN,NaN,425
d35110,IB2A+,727.531676215033,NaN,NaN,540
d35110,IB3+,701.779011653906,NaN,NaN,655
d35110,IB3A+,677.70990248514,NaN,NaN,920
d35110,IB4+,656.552122245144,NaN,NaN,1185
d35110,IB4A+,639.451050292806,NaN,NaN,1160
d35110,IB4B+,621.500630600615,NaN,NaN,1135
d35110,IB4C+,602.515916919915,NaN,NaN,1015
d35110,IB5+,586.044619970636,-17.104249984026,58.9182499647141,895
d35110,IB6+,562.949888472012,-17.4281499683857,59.0339499115944,940
d35110,IB7+,538.601559837495,-17.7767499685287,59.160649895668,1265
d35110,IB8+,518.528667699264,-18.0703499913216,59.267549932003,1715
d35110,IB9+,499.742154822881,-18.3356999754906,59.3685999512672,2150
d35110,IB10+,468.663262611363,-18.772549957037,59.5325999259949,2555
d35110,IB11+,430.673460109097,NaN,NaN,2695
d35110,IB11A+,399.848329731582,NaN,NaN,1655
d35110,IB12+,368.446595350603,-19.9998499751091,60.1307499408722,585
d35110,IB12A+,340.666595350603,-19.996249973774,60.3818998932838,545
d35110,IB13+,312.886595350603,-19.9979999661446,60.6265498995781,535
d35110,IB13A+,285.106595350603,-20.0090499520302,60.8748499155045,540
d35110,IB14+,257.326595350603,-20.0158999562263,61.1225998997688,565
d35110,IB15+,229.546595350603,-20.0157499611378,61.3727999329567,635
d35110,IB16+,201.766595350603,-20.0060499608517,61.626749932766,710
d35110,IB16A+,173.986595350603,-20.0109499692917,61.8731499314308,735
d35110,IB17+,141.10058472554,-19.9358499646187,62.1602499485016,755
d35110,IB18S+,103.065136990246,-19.7675999701023,62.4991499185562,740
d35110,IB19S+,69.8212652683242,-19.6126999855042,62.7903499603271,620
d35110,IB20S+,40.4959705830945,-19.7241999804974,63.0204999446869,535
d35110,IB21S+,19.4085773503411,-19.9879499673843,63.1727499365807,320
d35110,IB22S+,6.72102209556408,-20.1396999657154,63.2658499479294,NaN
d36511,1G+,1302.89943777813,-6.21260599046946,56.6770059466362,NaN
d36511,2G+,1295.32049608051,-6.32401899248362,56.7039999365807,NaN
d36511,3G+,1289.5190615426,-6.40661548823118,56.7266339659691,54.9999999999996
d36511,4G+,1282.06093016324,-6.52151799201965,56.7340519428253,NaN
d36511,5G+,1272.9178431668,-6.67075899243355,56.7347419261932,NaN
d36511,6G+,1260.72706050488,-6.87099698930979,56.7344944477081,NaN
d36511,7G+,1248.01816957983,-7.08158799260855,56.7340389490128,130
d36511,8G+,1237.86934301379,-7.25026399642229,56.7344119548798,145
d36511,9G+,1227.72051644774,-7.4177719950676,56.732156932354,NaN
d36511,10G+,1217.54121292504,NaN,NaN,NaN
d36511,11G+,1207.20679717937,NaN,NaN,NaN
d36511,12G+,1196.69115049774,NaN,NaN,NaN
d36511,13G+,1186.15265230501,NaN,NaN,NaN
d36511,14G+,1175.58696718581,NaN,NaN,NaN
d36511,T+,1164.60896896915,NaN,NaN,NaN
d36511,15G+,1149.57371459129,NaN,NaN,NaN
d36511,S+,1133.08441927928,-8.88514298200607,56.9761679172516,120
d36511,R+,1118.82460680132,-9.1034874767065,57.0271369218826,209.999999999999
d36511,Q+,1108.37380704328,NaN,NaN,295
d36511,Q1+,1101.72574213887,NaN,NaN,715
d36511,P+,1089.42707658295,-9.56092949211597,57.1279524564743,1085
d36511,O+,1068.9500750927,-9.8726029843092,57.1980214715004,1035
d36511,N+,1046.77417036539,-10.214002981782,57.2640719413757,1055
d36511,M+,1026.80500794072,-10.5312229841948,57.3225284218788,925
d36511,L+,1011.24644495635,-10.7744759917259,57.3773014545441,680
d36511,K+,997.949349218572,-10.9748319983482,57.4239069223404,585
d36511,J+,983.859226148175,-11.1946589946747,57.4593254327774,665
d36511,I+,970.288862878406,-11.4288249909878,57.4807589650154,920
d36511,H+,954.295750175461,-11.6975644826889,57.4926814436913,1070
d36511,G+,932.842121461985,-12.0445559769869,57.5012879371643,1020
d36511,F+,909.356986908352,-12.4400644898415,57.5195164084435,995
d36511,E+,890.849674734066,-12.7548534870148,57.5313544273376,640
d36511,D+,879.863313261289,-12.9343199729919,57.5415739417076,224.999999999999
d36511,C+,865.903377149661,-13.1671429723501,57.557329416275,130
d36511,B+,846.952231455968,-13.4835924804211,57.5739154219627,NaN
d36511,A+,828.757970343109,NaN,NaN,NaN
d36511,IB1+,806.770168481099,NaN,NaN,NaN
d36511,IB1A+,781.137312284704,NaN,NaN,NaN
d36511,IB2+,755.276537301711,NaN,NaN,425
d36511,IB2A+,727.531676215033,NaN,NaN,540
d36511,IB3+,701.779011653906,NaN,NaN,655
d36511,IB3A+,677.70990248514,NaN,NaN,920
d36511,IB4+,656.552122245144,NaN,NaN,1185
d36511,IB4A+,639.451050292806,NaN,NaN,1165
d36511,IB4B+,621.500630600615,NaN,NaN,1145
d36511,IB4C+,602.515916919915,NaN,NaN,1020
d36511,IB5+,586.044619970636,NaN,NaN,895
d36511,IB6+,562.949888472012,NaN,NaN,940
d36511,IB7+,538.601559837495,-17.7791044712067,59.1580924391747,1260
d36511,IB8+,518.528667699264,-18.0562299787998,59.2667194604874,1690
d36511,IB9+,499.742154822881,-18.3191639780998,59.3672234416008,2135
d36511,IB10+,468.663262611363,-18.7560019791126,59.5306339263916,2560
d36511,IB11+,430.673460109097,-19.329941958189,59.7458109259605,2715
d36511,IB11A+,399.848329731582,-19.7710924744606,59.9121934175491,1750
d36511,IB12+,368.446595350603,-19.9903214871883,60.1227648854256,710
d36511,IB12A+,340.666595350603,-19.9952129721642,60.3773128986359,655
d36511,IB13+,312.886595350603,-19.9987244606018,60.6255389451981,685
d36511,IB13A+,285.106595350603,-20.0039464533329,60.8764344453812,715
d36511,IB14+,257.326595350603,-20.00153195858,61.1262204051018,730
d36511,IB15+,229.546595350603,-19.9997304677963,61.3745899200439,755
d36511,IB16+,201.766595350603,-20.0067104697227,61.6223524212837,765
d36511,IB16A+,173.986595350603,-20.0069024562836,61.8715088963509,795
d36511,IB17+,141.10058472554,-19.9279959499836,62.1659494042397,770
d36511,IB18S+,103.065136990246,-19.7655129730701,62.5010504126549,715
d36511,IB19S+,69.8212652683242,-19.6164554655552,62.7932559251785,705
d36511,IB20S+,40.4959705830945,-19.7368154525757,63.027347445488,645
d36511,IB21S+,19.4085773503411,-19.9961689710617,63.1739964485168,355
d36511,IB22S+,6.72102209556408,-20.1476749777794,63.2664904594421,NaN
jc086,1G+,1302.89943777813,-6.20880090499998,56.67537827,15
jc086,2G+,1295.32049608051,-6.32547470500003,56.69621277,40
jc086,3G+,1289.5190615426,NaN,NaN,65
jc086,4G+,1282.06093016324,NaN,NaN,NaN
jc086,5G+,1272.9178431668,-6.67292527000001,56.73239978,NaN
jc086,6G+,1260.72706050488,-6.87498929499998,56.73333278,NaN
jc086,7G+,1248.01816957983,-7.08589410000002,56.733856,135
jc086,8G+,1237.86934301379,-7.25268743000004,56.73391319,155
jc086,9G+,1227.72051644774,-7.41679180000006,56.73339419,NaN
jc086,10G+,1217.54121292504,NaN,NaN,NaN
jc086,11G+,1207.20679717937,NaN,NaN,NaN
jc086,12G+,1196.69115049774,-7.91729714000002,56.77167513,NaN
jc086,13G+,1186.15265230501,-8.08271381500003,56.79632022,115
jc086,14G+,1175.58696718581,-8.24883643499999,56.82260032,115
jc086,T+,1164.60896896915,-8.41554617999998,56.85959942,115
jc086,15G+,1149.57371459129,-8.64066652500003,56.916175395,115
jc086,S+,1133.08441927928,-8.89136383499999,56.97481132,115
jc086,R+,1118.82460680132,-9.13581757999998,57.035009355,224.999999999998
jc086,Q+,1108.37380704328,-9.28997871499996,57.07419361,499.999999999994
jc086,Q1+,1101.72574213887,-9.36296543999998,57.090202185,910
jc086,P+,1089.42707658295,-9.56056868999997,57.12726406,1155
jc086,O+,1068.9500750927,-9.87627147000001,57.19247347,1160
jc086,N+,1046.77417036539,-10.219712465,57.26545603,1185
jc086,M+,1026.80500794072,-10.53049729,57.332154355,995
jc086,L+,1011.24644495635,-10.769223855,57.38280142,680
jc086,K+,997.949349218572,-10.97491146,57.4247405,575
jc086,J+,983.859226148175,-11.198907515,57.46029053,655
jc086,I+,970.288862878406,-11.423236315,57.47891665,880
jc086,H+,954.295750175461,-11.69027241,57.489337795,1025
jc086,G+,932.842121461985,-12.049943975,57.499955895,1065
jc086,F+,909.356986908352,-12.44200025,57.52060786,1100
jc086,E+,890.849674734066,-12.75031284,57.53731914,690
jc086,D+,879.863313261289,-12.93319831,57.54583633,219.999999999999
jc086,C+,865.903377149661,-13.16654814,57.55834652,125
jc086,B+,846.952231455968,-13.483856505,57.575166495,95
jc086,A+,828.757970343109,-13.76721648,57.62496409,110
jc086,IB1+,806.770168481099,NaN,NaN,125
jc086,IB1A+,781.137312284704,NaN,NaN,275.000000000001
jc086,IB2+,755.276537301711,NaN,NaN,425
jc086,IB2A+,727.531676215033,NaN,NaN,540
jc086,IB3+,701.779011653906,NaN,NaN,655
jc086,IB3A+,677.70990248514,NaN,NaN,NaN
jc086,IB4+,656.552122245144,NaN,NaN,NaN
jc086,IB4A+,639.451050292806,NaN,NaN,NaN
jc086,IB4B+,621.500630600615,NaN,NaN,NaN
jc086,IB4C+,602.515916919915,NaN,NaN,NaN
jc086,IB5+,586.044619970636,-17.09241375,58.916981565,885
jc086,IB6+,562.949888472012,-17.42475279,59.03343427,930
jc086,IB7+,538.601559837495,-17.77529947,59.15870264,1255
jc086,IB8+,518.528667699264,-18.059094515,59.27163142,1710
jc086,IB9+,499.742154822881,-18.32883077,59.37392542,2160
jc086,IB10+,468.663262611363,-18.77014072,59.5358934,2565
jc086,IB11+,430.673460109097,NaN,NaN,2695
jc086,IB11A+,399.848329731582,NaN,NaN,1715
jc086,IB12+,368.446595350603,NaN,NaN,710
jc086,IB12A+,340.666595350603,NaN,NaN,670
jc086,IB13+,312.886595350603,NaN,NaN,620
jc086,IB13A+,285.106595350603,NaN,NaN,585
jc086,IB14+,257.326595350603,-20.006459815,61.12877577,600
jc086,IB15+,229.546595350603,-20.0098244,61.377201495,615
jc086,IB16+,201.766595350603,-20.00295102,61.6257059,650
jc086,IB16A+,173.986595350603,-20.001080425,61.876447195,710
jc086,IB17+,141.10058472554,-19.917879305,62.166199575,730
jc086,IB18S+,103.065136990246,-19.75031835,62.50060538,715
jc086,IB19S+,69.8212652683242,-19.608535925,62.7923555,645
jc086,IB20S+,40.4959705830945,-19.73350502,63.025492055,540
jc086,IB21S+,19.4085773503411,-19.991958905,63.175406055,NaN
jc086,IB22S+,6.72102209556408,NaN,NaN,NaN
jr302,1G+,1302.89943777813,-6.20812999999998,56.67494,NaN
jr302,2G+,1295.32049608051,-6.32497750000005,56.69546,NaN
jr302,3G+,1289.5190615426,-6.40839749999998,56.720475,65
jr302,4G+,1282.06093016324,-6.52427,56.733015,50.0000000000004
jr302,5G+,1272.9178431668,-6.67408499999999,56.732895,35
jr302,6G+,1260.72706050488,-6.87515250000001,56.732885,75
jr302,7G+,1248.01816957983,-7.08367250000003,56.732955,130
jr302,8G+,1237.86934301379,-7.24997500000001,56.73289,145
jr302,9G+,1227.72051644774,-7.41630499999997,56.73284,99.999999999999
jr302,10G+,1217.54121292504,-7.58347000000003,56.73265,50
jr302,11G+,1207.20679717937,-7.75011500000005,56.74504,45
jr302,12G+,1196.69115049774,-7.91638,56.77034,74.9999999999993
jr302,13G+,1186.15265230501,-8.08348000000001,56.795465,105
jr302,14G+,1175.58696718581,-8.24996249999998,56.822545,110
jr302,T+,1164.60896896915,-8.4164025,56.859925,115
jr302,15G+,1149.57371459129,-8.64100000000002,56.916345,115
jr302,S+,1133.08441927928,-8.88984125000002,56.97508,115
jr302,R+,1118.82460680132,-9.10718874999998,57.02533,209.999999999998
jr302,Q+,1108.37380704328,-9.26695874999996,57.062745,534.999999999992
jr302,Q1+,1101.72574213887,-9.36703875000001,57.08757,1000
jr302,P+,1089.42707658295,-9.55848749999996,57.12465,1235
jr302,O+,1068.9500750927,-9.8753375,57.19166,1225
jr302,N+,1046.77417036539,-10.2165575,57.26717,1210
jr302,M+,1026.80500794072,-10.52469,57.3336475,990
jr302,L+,1011.24644495635,-10.767195,57.3836025,680
jr302,K+,997.949349218572,-10.975125,57.425125,585
jr302,J+,983.859226148175,-11.200015,57.458905,665
jr302,I+,970.288862878406,-11.425025,57.47541,935
jr302,H+,954.295750175461,-11.69142,57.48753,1125
jr302,G+,932.842121461985,-12.049735,57.499985,1135
jr302,F+,909.356986908352,-12.44127,57.520335,1090
jr302,E+,890.849674734066,-12.7498675,57.53733,660
jr302,D+,879.863313261289,-12.9330225,57.54614,219.999999999999
jr302,C+,865.903377149661,-13.1661,57.5586,130
jr302,B+,846.952231455968,-13.4831225,57.57482,105
jr302,A+,828.757970343109,-13.7660275,57.62493,125
jr302,IB1+,806.770168481099,-14.07425,57.733935,180
jr302,IB1A+,781.137312284704,-14.4247625,57.8673,325
jr302,IB2+,755.276537301711,-14.7796325,58.0027,490
jr302,IB2A+,727.531676215033,-15.1474075,58.14374,585
jr302,IB3+,701.779011653906,-15.5006775000001,58.27933,890.000000000001
jr302,IB3A+,677.70990248514,-15.833035,58.406335,1170
jr302,IB4+,656.552122245144,-16.12465,58.518055,1195
jr302,IB4A+,639.451050292806,-16.375025,58.61377,1180
jr302,IB4B+,621.500630600615,-16.62554,58.70925,1155
jr302,IB4C+,602.515916919915,-16.87578,58.805035,1025
jr302,IB5+,586.044619970636,-17.1003,58.89092,895
jr302,IB6+,562.949888472012,-17.43288,59.01821,935
jr302,IB7+,538.601559837495,-17.773905,59.149145,1215
jr302,IB8+,518.528667699264,-18.057865,59.25784,1650
jr302,IB9+,499.742154822881,-18.33385,59.36311,2140
jr302,IB10+,468.663262611363,NaN,NaN,2440
jr302,IB11+,430.673460109097,NaN,NaN,2590
jr302,IB11A+,399.848329731582,-19.75130625,59.90454,1620
jr302,IB12+,368.446595350603,-20.00135125,60.125085,570
jr302,IB12A+,340.666595350603,-19.999595,60.37523,650
jr302,IB13+,312.886595350603,-19.99954,60.62517,640
jr302,IB13A+,285.106595350603,-20.0344575,60.8762975,615
jr302,IB14+,257.326595350603,-20.03491,61.1259725,665
jr302,IB15+,229.546595350603,-20.0002225,61.37451,730
jr302,IB16+,201.766595350603,-20.0000975,61.625,745
jr302,IB16A+,173.986595350603,-20.0001325,61.875045,730
jr302,IB17+,141.10058472554,-19.9168025,62.16657,715
jr302,IB18S+,103.065136990246,-19.7508325,62.50032,735
jr302,IB19S+,69.8212652683242,-19.6096175,62.79211,640
jr302,IB20S+,40.4959705830945,-19.7338375,63.024965,525
jr302,IB21S+,19.4085773503411,-19.9916375,63.17455,315
jr302,IB22S+,6.72102209556408,-20.140985,63.2665325,NaN
dy031,1G+,1302.89943777813,-6.20889463499998,56.675242,15
dy031,2G+,1295.32049608051,-6.32430961,56.6961645,40
dy031,3G+,1289.5190615426,-6.40725159500005,56.721632485,65
dy031,4G+,1282.06093016324,-6.524360075,56.734070985,50.0000000000004
dy031,5G+,1272.9178431668,-6.67512838499999,56.733684205,35
dy031,6G+,1260.72706050488,-6.87586429499999,56.73335135,85
dy031,7G+,1248.01816957983,-7.08365900000001,56.733241145,145
dy031,8G+,1237.86934301379,-7.25028450000002,56.733543,155
dy031,9G+,1227.72051644774,-7.41704100000004,56.733484175,104.999999999999
dy031,10G+,1217.54121292504,-7.58347049999998,56.733236195,50
dy031,11G+,1207.20679717937,-7.75111937500003,56.74590452,45
dy031,12G+,1196.69115049774,-7.91800215000001,56.770873275,79.9999999999992
dy031,13G+,1186.15265230501,-8.08389527500003,56.795520775,115
dy031,14G+,1175.58696718581,-8.25019705,56.82240405,110
dy031,T+,1164.60896896915,-8.41632191500003,56.860283915,105
dy031,15G+,1149.57371459129,-8.64072813500002,56.916558595,105
dy031,S+,1133.08441927928,-8.89156277000001,56.974678355,115
dy031,R+,1118.82460680132,-9.1449935,57.033413625,229.999999999998
dy031,Q+,1108.37380704328,-9.3037415,57.0711225,549.999999999993
dy031,Q1+,1101.72574213887,-9.36785877,57.087495865,960
dy031,P+,1089.42707658295,-9.55843190999997,57.124650365,1155
dy031,O+,1068.9500750927,-9.87497537000002,57.19141173,1160
dy031,N+,1046.77417036539,-10.217223695,57.26647673,1060
dy031,M+,1026.80500794072,-10.524859585,57.33342894,865
dy031,L+,1011.24644495635,-10.76647062,57.38349244,680
dy031,K+,997.949349218572,-10.9754799999999,57.42465758,585
dy031,J+,983.859226148175,-11.200181185,57.457969265,665
dy031,I+,970.288862878406,-11.424529695,57.47461368,940
dy031,H+,954.295750175461,-11.69034541,57.487179495,1135
dy031,G+,932.842121461985,-12.04872742,57.500064905,1135
dy031,F+,909.356986908352,-12.44118265,57.521041405,1115
dy031,E+,890.849674734066,-12.749543525,57.53778435,690
dy031,D+,879.863313261289,-12.931903795,57.54648685,219.999999999999
dy031,C+,865.903377149661,-13.16499822,57.559151785,130
dy031,B+,846.952231455968,-13.48227459,57.574825555,105
dy031,A+,828.757970343109,-13.765452175,57.624477365,125
dy031,IB1+,806.770168481099,-14.073293465,57.734085655,180
dy031,IB1A+,781.137312284704,-14.41566006,57.875920335,325
dy031,IB2+,755.276537301711,-14.77130286,58.01103668,490
dy031,IB2A+,727.531676215033,-15.14537521,58.160558055,600
dy031,IB3+,701.779011653906,-15.49834102,58.296392315,905.000000000001
dy031,IB3A+,677.70990248514,-15.83247067,58.422040265,1170
dy031,IB4+,656.552122245144,-16.123785225,58.53373184,1195
dy031,IB4A+,639.451050292806,-16.374520675,58.614250715,1180
dy031,IB4B+,621.500630600615,-16.624954775,58.709138465,1155
dy031,IB4C+,602.515916919915,-16.87441397,58.81978686,1020
dy031,IB5+,586.044619970636,-17.09178419,58.91585246,885
dy031,IB6+,562.949888472012,-17.424726735,59.0325969,930
dy031,IB7+,538.601559837495,-17.774272175,59.158316335,1255
dy031,IB8+,518.528667699264,-18.0585642,59.267108785,1700
dy031,IB9+,499.742154822881,-18.32537658,59.36764731,2150
dy031,IB10+,468.663262611363,-18.76543251,59.53342234,2565
dy031,IB11+,430.673460109097,-19.30539182,59.735748135,2715
dy031,IB11A+,399.848329731582,-19.747419815,59.902221345,1705
dy031,IB12+,368.446595350603,-19.9986877,60.12338922,645
dy031,IB12A+,340.666595350603,-19.99956602,60.37392624,615
dy031,IB13+,312.886595350603,-20.00058496,60.62505352,645
dy031,IB13A+,285.106595350603,-20.00059641,60.875162675,675
dy031,IB14+,257.326595350603,-20.00031432,61.125502265,695
dy031,IB15+,229.546595350603,-20.00006991,61.37577709,705
dy031,IB16+,201.766595350603,-19.99968669,61.62534977,695
dy031,IB16A+,173.986595350603,-19.99926117,61.875144735,740
dy031,IB17+,141.10058472554,-19.91603548,62.166770785,760
dy031,IB18S+,103.065136990246,-19.749916715,62.50087739,635
dy031,IB19S+,69.8212652683242,-19.6095041,62.7929566,535
dy031,IB20S+,40.4959705830945,-19.73410713,63.02589503,555
dy031,IB21S+,19.4085773503411,-19.991814215,63.1756235,345
dy031,IB22S+,6.72102209556408,-20.14083647,63.266571,NaN
dy052,1G+,1302.89943777813,-6.2075135,56.6751245,NaN
dy052,2G+,1295.32049608051,-6.32357149999996,56.696376,NaN
dy052,3G+,1289.5190615426,-6.40644707000001,56.721649,59.9999999999998
dy052,4G+,1282.06093016324,-6.523150015,56.7336245,40.0000000000006
dy052,5G+,1272.9178431668,-6.673524445,56.73337878,15
dy052,6G+,1260.72706050488,-6.87364524500003,56.733170525,65
dy052,7G+,1248.01816957983,-7.08183393500002,56.733214475,130
dy052,8G+,1237.86934301379,-7.248882165,56.733334465,145
dy052,9G+,1227.72051644774,-7.41595297499998,56.733891735,99.999999999999
dy052,10G+,1217.54121292504,-7.58404653499997,56.7340845,50
dy052,11G+,1207.20679717937,-7.75183892500002,56.746127305,45
dy052,12G+,1196.69115049774,-7.91738035499998,56.77101684,74.9999999999993
dy052,13G+,1186.15265230501,-8.08335786999999,56.796003535,105
dy052,14G+,1175.58696718581,-8.25015517499997,56.823209,105
dy052,T+,1164.60896896915,-8.41660526999999,56.8606,105
dy052,15G+,1149.57371459129,-8.64138850000001,56.91746502,105
dy052,S+,1133.08441927928,-8.89142149999998,56.97658602,110
dy052,R+,1118.82460680132,-9.10841944499998,57.026186055,204.999999999999
dy052,Q+,1108.37380704328,-9.267649705,57.063183795,529.999999999992
dy052,Q1+,1101.72574213887,-9.36785381999999,57.08770374,1020
dy052,P+,1089.42707658295,-9.55790422500002,57.124361165,1250
dy052,O+,1068.9500750927,-9.87590804499996,57.190978225,1220
dy052,N+,1046.77417036539,-10.219770965,57.265981645,1215
dy052,M+,1026.80500794072,-10.52680703,57.332800585,1000
dy052,L+,1011.24644495635,-10.767186865,57.383110555,685
dy052,K+,997.949349218572,-10.974954175,57.4243323,585
dy052,J+,983.859226148175,-11.200455685,57.457858745,660
dy052,I+,970.288862878406,-11.42607132,57.4744795,955
dy052,H+,954.295750175461,-11.692839745,57.48691605,1140
dy052,G+,932.842121461985,-12.05217688,57.49975905,1105
dy052,F+,909.356986908352,-12.444284025,57.519658945,1075
dy052,E+,890.849674734066,-12.7519125,57.536585945,665
dy052,D+,879.863313261289,-12.934293045,57.54584479,219.999999999999
dy052,C+,865.903377149661,-13.166735885,57.55826079,125
dy052,B+,846.952231455968,-13.48370097,57.574677185,95
dy052,A+,828.757970343109,-13.76843789,57.6250811,110
dy052,IB1+,806.770168481099,-14.076703075,57.7340166,170
dy052,IB1A+,781.137312284704,-14.41658794,57.874723685,325
dy052,IB2+,755.276537301711,-14.771924745,58.010193755,490
dy052,IB2A+,727.531676215033,-15.147492575,58.16046973,600
dy052,IB3+,701.779011653906,-15.499756455,58.295663565,905.000000000001
dy052,IB3A+,677.70990248514,-15.834412015,58.42075009,1170
dy052,IB4+,656.552122245144,-16.127181515,58.5325845,1195
dy052,IB4A+,639.451050292806,-16.38228484,58.61291089,1180
dy052,IB4B+,621.500630600615,-16.632589045,58.70859589,1155
dy052,IB4C+,602.515916919915,-16.877261085,58.8199885,1020
dy052,IB5+,586.044619970636,-17.09381138,58.916332,885
dy052,IB6+,562.949888472012,-17.4263196650001,59.033193665,930
dy052,IB7+,538.601559837495,-17.77584966,59.15882966,1255
dy052,IB8+,518.528667699264,-18.058969995,59.267055625,1695
dy052,IB9+,499.742154822881,-18.325628555,59.366885575,2140
dy052,IB10+,468.663262611363,-18.76729244,59.533749445,2560
dy052,IB11+,430.673460109097,-19.308842385,59.737915495,2715
dy052,IB11A+,399.848329731582,-19.751600465,59.904463925,1675
dy052,IB12+,368.446595350603,-20.00166239,60.125233355,610
dy052,IB12A+,340.666595350603,-20.001148755,60.375629675,565
dy052,IB13+,312.886595350603,-20.00067759,60.62549501,525
dy052,IB13A+,285.106595350603,-20.00079619,60.87527754,550
dy052,IB14+,257.326595350603,-20.00231526,61.12580311,625
dy052,IB15+,229.546595350603,-20.002157535,61.376015535,655
dy052,IB16+,201.766595350603,-20.00238862,61.625812875,635
dy052,IB16A+,173.986595350603,-20.002788415,61.87552425,695
dy052,IB17+,141.10058472554,-19.918772155,62.167534895,750
dy052,IB18S+,103.065136990246,-19.751788535,62.501425575,720
dy052,IB19S+,69.8212652683242,-19.610778285,62.792770165,610
dy052,IB20S+,40.4959705830945,-19.735008215,63.02519956,525
dy052,IB21S+,19.4085773503411,-19.992878765,63.17422394,320
dy052,IB22S+,6.72102209556408,-20.14291399,63.26695425,NaN
dy078,1G+,1302.89943777813,-6.20781088000001,56.6753755,NaN
dy078,2G+,1295.32049608051,-6.324698195,56.695630685,NaN
dy078,3G+,1289.5190615426,-6.40787707499999,56.720748995,65
dy078,4G+,1282.06093016324,-6.52439565499998,56.73339218,40.0000000000006
dy078,5G+,1272.9178431668,-6.67448638500002,56.73335338,15
dy078,6G+,1260.72706050488,-6.87451757500003,56.733877215,65
dy078,7G+,1248.01816957983,-7.08322885500002,56.734289935,135
dy078,8G+,1237.86934301379,-7.25015585,56.73382787,155
dy078,9G+,1227.72051644774,-7.41749418500001,56.733390615,104.999999999999
dy078,10G+,1217.54121292504,-7.58423151,56.73323757,50
dy078,11G+,1207.20679717937,-7.750321095,56.749992,45
dy078,12G+,1196.69115049774,-7.91686365999999,56.775072765,74.9999999999993
dy078,13G+,1186.15265230501,-8.08379301000002,56.79590132,105
dy078,14G+,1175.58696718581,-8.25001696999999,56.82276196,105
dy078,T+,1164.60896896915,-8.41622814499999,56.860234,105
dy078,15G+,1149.57371459129,-8.64105817999996,56.916872845,110
dy078,S+,1133.08441927928,-8.89185331499999,56.97576457,115
dy078,R+,1118.82460680132,-9.109130515,57.02568585,204.999999999999
dy078,Q+,1108.37380704328,-9.26685398500001,57.062723215,529.999999999992
dy078,Q1+,1101.72574213887,-9.36690332500001,57.088243095,995
dy078,P+,1089.42707658295,-9.55821646000004,57.133169375,1240
dy078,O+,1068.9500750927,-9.87430331999997,57.199137505,1250
dy078,N+,1046.77417036539,-10.21097641,57.26426505,1245
dy078,M+,1026.80500794072,-10.51740927,57.329935465,1010
dy078,L+,1011.24644495635,-10.76431721,57.38224922,680
dy078,K+,997.949349218572,-10.9745857,57.42499567,585
dy078,J+,983.859226148175,-11.19940906,57.458844415,665
dy078,I+,970.288862878406,-11.42384619,57.47551807,990
dy078,H+,954.295750175461,-11.687560635,57.4890538,1215
dy078,G+,932.842121461985,-12.046620685,57.501311495,1170
dy078,F+,909.356986908352,-12.43895952,57.519098535,1120
dy078,E+,890.849674734066,-12.747643125,57.53603662,690
dy078,D+,879.863313261289,-12.933491725,57.54579401,219.999999999999
dy078,C+,865.903377149661,-13.166163005,57.558195355,125
dy078,B+,846.952231455968,-13.48244001,57.57458601,95
dy078,A+,828.757970343109,-13.76643476,57.62449226,110
dy078,IB1+,806.770168481099,-14.075286425,57.733640925,170
dy078,IB1A+,781.137312284704,-14.416844895,57.875375295,320
dy078,IB2+,755.276537301711,-14.772569125,58.010822025,485
dy078,IB2A+,727.531676215033,-15.148658625,58.161036235,600
dy078,IB3+,701.779011653906,-15.5010135,58.29663736,905.000000000001
dy078,IB3A+,677.70990248514,NaN,NaN,1155
dy078,IB4+,656.552122245144,NaN,NaN,1180
dy078,IB4A+,639.451050292806,-16.375785935,58.61300263,1180
dy078,IB4B+,621.500630600615,-16.62556391,58.707694695,1155
dy078,IB4C+,602.515916919915,-16.87481941,58.818823105,1025
dy078,IB5+,586.044619970636,-17.09198177,58.916406605,895
dy078,IB6+,562.949888472012,-17.425316735,59.033632965,935
dy078,IB7+,538.601559837495,-17.774528605,59.158883145,1255
dy078,IB8+,518.528667699264,-18.05653554,59.26717558,1695
dy078,IB9+,499.742154822881,-18.32310399,59.3671624,2140
dy078,IB10+,468.663262611363,-18.765894085,59.533652505,2560
dy078,IB11+,430.673460109097,-19.308046935,59.73856982,2715
dy078,IB11A+,399.848329731582,-19.749602305,59.905154815,1680
dy078,IB12+,368.446595350603,-19.995528285,60.124695475,595
dy078,IB12A+,340.666595350603,-19.99543446,60.375431245,565
dy078,IB13+,312.886595350603,-19.999629615,60.62606642,575
dy078,IB13A+,285.106595350603,-19.998756715,60.875913375,590
dy078,IB14+,257.326595350603,-19.99932314,61.126649895,615
dy078,IB15+,229.546595350603,-19.999269,61.37585509,635
dy078,IB16+,201.766595350603,-19.9985525,61.62504017,635
dy078,IB16A+,173.986595350603,-20.000182,61.875248225,680
dy078,IB17+,141.10058472554,-19.91784321,62.167087765,725
dy078,IB18S+,103.065136990246,NaN,NaN,725
dy078,IB19S+,69.8212652683242,NaN,NaN,660
dy078,IB20S+,40.4959705830945,-19.733430855,63.024902145,595
dy078,IB21S+,19.4085773503411,-19.99093212,63.17450038,350
dy078,IB22S+,6.72102209556408,-20.141905715,63.266983735,NaN
